location_id,latitude,longitude,survey_start_date,survey_end_date,route_id,year,BCR
BBS_CA_054_ORANGE_COVE_2015,36.6315997,-119.3047559,2015-05-28,2015-06-10,BBS_CA_054_ORANGE_COVE,2015,32
BBS_CA_054_ORANGE_COVE_2016,36.6315997,-119.3047559,2016-05-28,2016-06-10,BBS_CA_054_ORANGE_COVE,2016,32
BBS_CA_054_ORANGE_COVE_2017,36.6315997,-119.3047559,2017-05-28,2017-06-10,BBS_CA_054_ORANGE_COVE,2017,32
BBS_CA_054_ORANGE_COVE_2018,36.6315997,-119.3047559,2018-05-28,2018-06-10,BBS_CA_054_ORANGE_COVE,2018,32
BBS_CA_054_ORANGE_COVE_2019,36.6315997,-119.3047559,2019-05-28,2019-06-10,BBS_CA_054_ORANGE_COVE,2019,32
BBS_CA_054_ORANGE_COVE_2020,36.6315997,-119.3047559,2020-05-28,2020-06-10,BBS_CA_054_ORANGE_COVE,2020,32
BBS_CA_054_ORANGE_COVE_2021,36.6315997,-119.3047559,2021-05-28,2021-06-10,BBS_CA_054_ORANGE_COVE,2021,32
BBS_CA_054_ORANGE_COVE_2022,36.6315997,-119.3047559,2022-05-28,2022-06-10,BBS_CA_054_ORANGE_COVE,2022,32
BBS_CA_054_ORANGE_COVE_2023,36.6315997,-119.3047559,2023-05-28,2023-06-10,BBS_CA_054_ORANGE_COVE,2023,32
BBS_CA_021_HUGHSON_2015,37.5947824,-120.860951,2015-05-28,2015-06-10,BBS_CA_021_HUGHSON,2015,32
BBS_CA_021_HUGHSON_2016,37.5947824,-120.860951,2016-05-28,2016-06-10,BBS_CA_021_HUGHSON,2016,32
BBS_CA_021_HUGHSON_2017,37.5947824,-120.860951,2017-05-28,2017-06-10,BBS_CA_021_HUGHSON,2017,32
BBS_CA_021_HUGHSON_2018,37.5947824,-120.860951,2018-05-28,2018-06-10,BBS_CA_021_HUGHSON,2018,32
BBS_CA_021_HUGHSON_2019,37.5947824,-120.860951,2019-05-28,2019-06-10,BBS_CA_021_HUGHSON,2019,32
BBS_CA_021_HUGHSON_2020,37.5947824,-120.860951,2020-05-28,2020-06-10,BBS_CA_021_HUGHSON,2020,32
BBS_CA_021_HUGHSON_2021,37.5947824,-120.860951,2021-05-28,2021-06-10,BBS_CA_021_HUGHSON,2021,32
BBS_CA_021_HUGHSON_2022,37.5947824,-120.860951,2022-05-28,2022-06-10,BBS_CA_021_HUGHSON,2022,32
BBS_CA_021_HUGHSON_2023,37.5947824,-120.860951,2023-05-28,2023-06-10,BBS_CA_021_HUGHSON,2023,32
BBS_CA_092_ALAMO_RIVER_2015,32.8471607,-115.4338989,2015-05-28,2015-06-10,BBS_CA_092_ALAMO_RIVER,2015,33
BBS_CA_092_ALAMO_RIVER_2016,32.8471607,-115.4338989,2016-05-28,2016-06-10,BBS_CA_092_ALAMO_RIVER,2016,33
BBS_CA_092_ALAMO_RIVER_2017,32.8471607,-115.4338989,2017-05-28,2017-06-10,BBS_CA_092_ALAMO_RIVER,2017,33
BBS_CA_092_ALAMO_RIVER_2018,32.8471607,-115.4338989,2018-05-28,2018-06-10,BBS_CA_092_ALAMO_RIVER,2018,33
BBS_CA_092_ALAMO_RIVER_2019,32.8471607,-115.4338989,2019-05-28,2019-06-10,BBS_CA_092_ALAMO_RIVER,2019,33
BBS_CA_092_ALAMO_RIVER_2020,32.8471607,-115.4338989,2020-05-28,2020-06-10,BBS_CA_092_ALAMO_RIVER,2020,33
BBS_CA_092_ALAMO_RIVER_2021,32.8471607,-115.4338989,2021-05-28,2021-06-10,BBS_CA_092_ALAMO_RIVER,2021,33
BBS_CA_092_ALAMO_RIVER_2022,32.8471607,-115.4338989,2022-05-28,2022-06-10,BBS_CA_092_ALAMO_RIVER,2022,33
BBS_CA_092_ALAMO_RIVER_2023,32.8471607,-115.4338989,2023-05-28,2023-06-10,BBS_CA_092_ALAMO_RIVER,2023,33
BBS_CA_127_SANGER_2015,36.6992615,-119.5118359,2015-05-28,2015-06-10,BBS_CA_127_SANGER,2015,32
BBS_CA_127_SANGER_2016,36.6992615,-119.5118359,2016-05-28,2016-06-10,BBS_CA_127_SANGER,2016,32
BBS_CA_127_SANGER_2017,36.6992615,-119.5118359,2017-05-28,2017-06-10,BBS_CA_127_SANGER,2017,32
BBS_CA_127_SANGER_2018,36.6992615,-119.5118359,2018-05-28,2018-06-10,BBS_CA_127_SANGER,2018,32
BBS_CA_127_SANGER_2019,36.6992615,-119.5118359,2019-05-28,2019-06-10,BBS_CA_127_SANGER,2019,32
BBS_CA_127_SANGER_2020,36.6992615,-119.5118359,2020-05-28,2020-06-10,BBS_CA_127_SANGER,2020,32
BBS_CA_127_SANGER_2021,36.6992615,-119.5118359,2021-05-28,2021-06-10,BBS_CA_127_SANGER,2021,32
BBS_CA_127_SANGER_2022,36.6992615,-119.5118359,2022-05-28,2022-06-10,BBS_CA_127_SANGER,2022,32
BBS_CA_127_SANGER_2023,36.6992615,-119.5118359,2023-05-28,2023-06-10,BBS_CA_127_SANGER,2023,32
BBS_CA_090_BLYTHE_2015,33.6171807,-114.6230009,2015-05-28,2015-06-10,BBS_CA_090_BLYTHE,2015,33
BBS_CA_090_BLYTHE_2016,33.6171807,-114.6230009,2016-05-28,2016-06-10,BBS_CA_090_BLYTHE,2016,33
BBS_CA_090_BLYTHE_2017,33.6171807,-114.6230009,2017-05-28,2017-06-10,BBS_CA_090_BLYTHE,2017,33
BBS_CA_090_BLYTHE_2018,33.6171807,-114.6230009,2018-05-28,2018-06-10,BBS_CA_090_BLYTHE,2018,33
BBS_CA_090_BLYTHE_2019,33.6171807,-114.6230009,2019-05-28,2019-06-10,BBS_CA_090_BLYTHE,2019,33
BBS_CA_090_BLYTHE_2020,33.6171807,-114.6230009,2020-05-28,2020-06-10,BBS_CA_090_BLYTHE,2020,33
BBS_CA_090_BLYTHE_2021,33.6171807,-114.6230009,2021-05-28,2021-06-10,BBS_CA_090_BLYTHE,2021,33
BBS_CA_090_BLYTHE_2022,33.6171807,-114.6230009,2022-05-28,2022-06-10,BBS_CA_090_BLYTHE,2022,33
BBS_CA_090_BLYTHE_2023,33.6171807,-114.6230009,2023-05-28,2023-06-10,BBS_CA_090_BLYTHE,2023,33
BBS_CA_171_TRANQUILLITY_2015,36.6541134,-120.2610649,2015-05-28,2015-06-10,BBS_CA_171_TRANQUILLITY,2015,32
BBS_CA_171_TRANQUILLITY_2016,36.6541134,-120.2610649,2016-05-28,2016-06-10,BBS_CA_171_TRANQUILLITY,2016,32
BBS_CA_171_TRANQUILLITY_2017,36.6541134,-120.2610649,2017-05-28,2017-06-10,BBS_CA_171_TRANQUILLITY,2017,32
BBS_CA_171_TRANQUILLITY_2018,36.6541134,-120.2610649,2018-05-28,2018-06-10,BBS_CA_171_TRANQUILLITY,2018,32
BBS_CA_171_TRANQUILLITY_2019,36.6541134,-120.2610649,2019-05-28,2019-06-10,BBS_CA_171_TRANQUILLITY,2019,32
BBS_CA_171_TRANQUILLITY_2020,36.6541134,-120.2610649,2020-05-28,2020-06-10,BBS_CA_171_TRANQUILLITY,2020,32
BBS_CA_171_TRANQUILLITY_2021,36.6541134,-120.2610649,2021-05-28,2021-06-10,BBS_CA_171_TRANQUILLITY,2021,32
BBS_CA_171_TRANQUILLITY_2022,36.6541134,-120.2610649,2022-05-28,2022-06-10,BBS_CA_171_TRANQUILLITY,2022,32
BBS_CA_171_TRANQUILLITY_2023,36.6541134,-120.2610649,2023-05-28,2023-06-10,BBS_CA_171_TRANQUILLITY,2023,32
BBS_CA_150_BRAWLEY_2015,32.9416587,-115.5356439,2015-05-28,2015-06-10,BBS_CA_150_BRAWLEY,2015,33
BBS_CA_150_BRAWLEY_2016,32.9416587,-115.5356439,2016-05-28,2016-06-10,BBS_CA_150_BRAWLEY,2016,33
BBS_CA_150_BRAWLEY_2017,32.9416587,-115.5356439,2017-05-28,2017-06-10,BBS_CA_150_BRAWLEY,2017,33
BBS_CA_150_BRAWLEY_2018,32.9416587,-115.5356439,2018-05-28,2018-06-10,BBS_CA_150_BRAWLEY,2018,33
BBS_CA_150_BRAWLEY_2019,32.9416587,-115.5356439,2019-05-28,2019-06-10,BBS_CA_150_BRAWLEY,2019,33
BBS_CA_150_BRAWLEY_2020,32.9416587,-115.5356439,2020-05-28,2020-06-10,BBS_CA_150_BRAWLEY,2020,33
BBS_CA_150_BRAWLEY_2021,32.9416587,-115.5356439,2021-05-28,2021-06-10,BBS_CA_150_BRAWLEY,2021,33
BBS_CA_150_BRAWLEY_2022,32.9416587,-115.5356439,2022-05-28,2022-06-10,BBS_CA_150_BRAWLEY,2022,33
BBS_CA_150_BRAWLEY_2023,32.9416587,-115.5356439,2023-05-28,2023-06-10,BBS_CA_150_BRAWLEY,2023,33
BBS_CA_204_ATHLONE_2015,37.1416897,-120.4009629,2015-05-28,2015-06-10,BBS_CA_204_ATHLONE,2015,32
BBS_CA_204_ATHLONE_2016,37.1416897,-120.4009629,2016-05-28,2016-06-10,BBS_CA_204_ATHLONE,2016,32
BBS_CA_204_ATHLONE_2017,37.1416897,-120.4009629,2017-05-28,2017-06-10,BBS_CA_204_ATHLONE,2017,32
BBS_CA_204_ATHLONE_2018,37.1416897,-120.4009629,2018-05-28,2018-06-10,BBS_CA_204_ATHLONE,2018,32
BBS_CA_204_ATHLONE_2019,37.1416897,-120.4009629,2019-05-28,2019-06-10,BBS_CA_204_ATHLONE,2019,32
BBS_CA_204_ATHLONE_2020,37.1416897,-120.4009629,2020-05-28,2020-06-10,BBS_CA_204_ATHLONE,2020,32
BBS_CA_204_ATHLONE_2021,37.1416897,-120.4009629,2021-05-28,2021-06-10,BBS_CA_204_ATHLONE,2021,32
BBS_CA_204_ATHLONE_2022,37.1416897,-120.4009629,2022-05-28,2022-06-10,BBS_CA_204_ATHLONE,2022,32
BBS_CA_204_ATHLONE_2023,37.1416897,-120.4009629,2023-05-28,2023-06-10,BBS_CA_204_ATHLONE,2023,32
BBS_CA_147_ARVIN_2015,35.2233697,-118.8782429,2015-05-28,2015-06-10,BBS_CA_147_ARVIN,2015,32
BBS_CA_147_ARVIN_2016,35.2233697,-118.8782429,2016-05-28,2016-06-10,BBS_CA_147_ARVIN,2016,32
BBS_CA_147_ARVIN_2017,35.2233697,-118.8782429,2017-05-28,2017-06-10,BBS_CA_147_ARVIN,2017,32
BBS_CA_147_ARVIN_2018,35.2233697,-118.8782429,2018-05-28,2018-06-10,BBS_CA_147_ARVIN,2018,32
BBS_CA_147_ARVIN_2019,35.2233697,-118.8782429,2019-05-28,2019-06-10,BBS_CA_147_ARVIN,2019,32
BBS_CA_147_ARVIN_2020,35.2233697,-118.8782429,2020-05-28,2020-06-10,BBS_CA_147_ARVIN,2020,32
BBS_CA_147_ARVIN_2021,35.2233697,-118.8782429,2021-05-28,2021-06-10,BBS_CA_147_ARVIN,2021,32
BBS_CA_147_ARVIN_2022,35.2233697,-118.8782429,2022-05-28,2022-06-10,BBS_CA_147_ARVIN,2022,32
BBS_CA_147_ARVIN_2023,35.2233697,-118.8782429,2023-05-28,2023-06-10,BBS_CA_147_ARVIN,2023,32
BBS_CA_024_CARUTHERS_2015,36.5471497,-119.8358759,2015-05-28,2015-06-10,BBS_CA_024_CARUTHERS,2015,32
BBS_CA_024_CARUTHERS_2016,36.5471497,-119.8358759,2016-05-28,2016-06-10,BBS_CA_024_CARUTHERS,2016,32
BBS_CA_024_CARUTHERS_2017,36.5471497,-119.8358759,2017-05-28,2017-06-10,BBS_CA_024_CARUTHERS,2017,32
BBS_CA_024_CARUTHERS_2018,36.5471497,-119.8358759,2018-05-28,2018-06-10,BBS_CA_024_CARUTHERS,2018,32
BBS_CA_024_CARUTHERS_2019,36.5471497,-119.8358759,2019-05-28,2019-06-10,BBS_CA_024_CARUTHERS,2019,32
BBS_CA_024_CARUTHERS_2020,36.5471497,-119.8358759,2020-05-28,2020-06-10,BBS_CA_024_CARUTHERS,2020,32
BBS_CA_024_CARUTHERS_2021,36.5471497,-119.8358759,2021-05-28,2021-06-10,BBS_CA_024_CARUTHERS,2021,32
BBS_CA_024_CARUTHERS_2022,36.5471497,-119.8358759,2022-05-28,2022-06-10,BBS_CA_024_CARUTHERS,2022,32
BBS_CA_024_CARUTHERS_2023,36.5471497,-119.8358759,2023-05-28,2023-06-10,BBS_CA_024_CARUTHERS,2023,32
BBS_CA_320_COLLEGEVILLE_2_2015,37.9333136,-121.1662987,2015-05-28,2015-06-10,BBS_CA_320_COLLEGEVILLE_2,2015,32
BBS_CA_320_COLLEGEVILLE_2_2016,37.9333136,-121.1662987,2016-05-28,2016-06-10,BBS_CA_320_COLLEGEVILLE_2,2016,32
BBS_CA_320_COLLEGEVILLE_2_2017,37.9333136,-121.1662987,2017-05-28,2017-06-10,BBS_CA_320_COLLEGEVILLE_2,2017,32
BBS_CA_320_COLLEGEVILLE_2_2018,37.9333136,-121.1662987,2018-05-28,2018-06-10,BBS_CA_320_COLLEGEVILLE_2,2018,32
BBS_CA_320_COLLEGEVILLE_2_2019,37.9333136,-121.1662987,2019-05-28,2019-06-10,BBS_CA_320_COLLEGEVILLE_2,2019,32
BBS_CA_320_COLLEGEVILLE_2_2020,37.9333136,-121.1662987,2020-05-28,2020-06-10,BBS_CA_320_COLLEGEVILLE_2,2020,32
BBS_CA_320_COLLEGEVILLE_2_2021,37.9333136,-121.1662987,2021-05-28,2021-06-10,BBS_CA_320_COLLEGEVILLE_2,2021,32
BBS_CA_320_COLLEGEVILLE_2_2022,37.9333136,-121.1662987,2022-05-28,2022-06-10,BBS_CA_320_COLLEGEVILLE_2,2022,32
BBS_CA_320_COLLEGEVILLE_2_2023,37.9333136,-121.1662987,2023-05-28,2023-06-10,BBS_CA_320_COLLEGEVILLE_2,2023,32
BBS_CA_245_BUENA_VISTA_2015,35.4779437,-119.2962109,2015-05-28,2015-06-10,BBS_CA_245_BUENA_VISTA,2015,32
BBS_CA_245_BUENA_VISTA_2016,35.4779437,-119.2962109,2016-05-28,2016-06-10,BBS_CA_245_BUENA_VISTA,2016,32
BBS_CA_245_BUENA_VISTA_2017,35.4779437,-119.2962109,2017-05-28,2017-06-10,BBS_CA_245_BUENA_VISTA,2017,32
BBS_CA_245_BUENA_VISTA_2018,35.4779437,-119.2962109,2018-05-28,2018-06-10,BBS_CA_245_BUENA_VISTA,2018,32
BBS_CA_245_BUENA_VISTA_2019,35.4779437,-119.2962109,2019-05-28,2019-06-10,BBS_CA_245_BUENA_VISTA,2019,32
BBS_CA_245_BUENA_VISTA_2020,35.4779437,-119.2962109,2020-05-28,2020-06-10,BBS_CA_245_BUENA_VISTA,2020,32
BBS_CA_245_BUENA_VISTA_2021,35.4779437,-119.2962109,2021-05-28,2021-06-10,BBS_CA_245_BUENA_VISTA,2021,32
BBS_CA_245_BUENA_VISTA_2022,35.4779437,-119.2962109,2022-05-28,2022-06-10,BBS_CA_245_BUENA_VISTA,2022,32
BBS_CA_245_BUENA_VISTA_2023,35.4779437,-119.2962109,2023-05-28,2023-06-10,BBS_CA_245_BUENA_VISTA,2023,32
BBS_CA_197_TIPTON_2015,36.0799797,-119.3040849,2015-05-28,2015-06-10,BBS_CA_197_TIPTON,2015,32
BBS_CA_197_TIPTON_2016,36.0799797,-119.3040849,2016-05-28,2016-06-10,BBS_CA_197_TIPTON,2016,32
BBS_CA_197_TIPTON_2017,36.0799797,-119.3040849,2017-05-28,2017-06-10,BBS_CA_197_TIPTON,2017,32
BBS_CA_197_TIPTON_2018,36.0799797,-119.3040849,2018-05-28,2018-06-10,BBS_CA_197_TIPTON,2018,32
BBS_CA_197_TIPTON_2019,36.0799797,-119.3040849,2019-05-28,2019-06-10,BBS_CA_197_TIPTON,2019,32
BBS_CA_197_TIPTON_2020,36.0799797,-119.3040849,2020-05-28,2020-06-10,BBS_CA_197_TIPTON,2020,32
BBS_CA_197_TIPTON_2021,36.0799797,-119.3040849,2021-05-28,2021-06-10,BBS_CA_197_TIPTON,2021,32
BBS_CA_197_TIPTON_2022,36.0799797,-119.3040849,2022-05-28,2022-06-10,BBS_CA_197_TIPTON,2022,32
BBS_CA_197_TIPTON_2023,36.0799797,-119.3040849,2023-05-28,2023-06-10,BBS_CA_197_TIPTON,2023,32
BBS_CA_049_PALO_VERDE_2015,33.4048617,-114.7292329,2015-05-28,2015-06-10,BBS_CA_049_PALO_VERDE,2015,33
BBS_CA_049_PALO_VERDE_2016,33.4048617,-114.7292329,2016-05-28,2016-06-10,BBS_CA_049_PALO_VERDE,2016,33
BBS_CA_049_PALO_VERDE_2017,33.4048617,-114.7292329,2017-05-28,2017-06-10,BBS_CA_049_PALO_VERDE,2017,33
BBS_CA_049_PALO_VERDE_2018,33.4048617,-114.7292329,2018-05-28,2018-06-10,BBS_CA_049_PALO_VERDE,2018,33
BBS_CA_049_PALO_VERDE_2019,33.4048617,-114.7292329,2019-05-28,2019-06-10,BBS_CA_049_PALO_VERDE,2019,33
BBS_CA_049_PALO_VERDE_2020,33.4048617,-114.7292329,2020-05-28,2020-06-10,BBS_CA_049_PALO_VERDE,2020,33
BBS_CA_049_PALO_VERDE_2021,33.4048617,-114.7292329,2021-05-28,2021-06-10,BBS_CA_049_PALO_VERDE,2021,33
BBS_CA_049_PALO_VERDE_2022,33.4048617,-114.7292329,2022-05-28,2022-06-10,BBS_CA_049_PALO_VERDE,2022,33
BBS_CA_049_PALO_VERDE_2023,33.4048617,-114.7292329,2023-05-28,2023-06-10,BBS_CA_049_PALO_VERDE,2023,33
BBS_CA_155_WESTLEY_2015,37.5141365,-121.1597352,2015-05-28,2015-06-10,BBS_CA_155_WESTLEY,2015,32
BBS_CA_155_WESTLEY_2016,37.5141365,-121.1597352,2016-05-28,2016-06-10,BBS_CA_155_WESTLEY,2016,32
BBS_CA_155_WESTLEY_2017,37.5141365,-121.1597352,2017-05-28,2017-06-10,BBS_CA_155_WESTLEY,2017,32
BBS_CA_155_WESTLEY_2018,37.5141365,-121.1597352,2018-05-28,2018-06-10,BBS_CA_155_WESTLEY,2018,32
BBS_CA_155_WESTLEY_2019,37.5141365,-121.1597352,2019-05-28,2019-06-10,BBS_CA_155_WESTLEY,2019,32
BBS_CA_155_WESTLEY_2020,37.5141365,-121.1597352,2020-05-28,2020-06-10,BBS_CA_155_WESTLEY,2020,32
BBS_CA_155_WESTLEY_2021,37.5141365,-121.1597352,2021-05-28,2021-06-10,BBS_CA_155_WESTLEY,2021,32
BBS_CA_155_WESTLEY_2022,37.5141365,-121.1597352,2022-05-28,2022-06-10,BBS_CA_155_WESTLEY,2022,32
BBS_CA_155_WESTLEY_2023,37.5141365,-121.1597352,2023-05-28,2023-06-10,BBS_CA_155_WESTLEY,2023,32
BBS_CA_033_BAKERSFIELD_2015,35.1800607,-119.1639019,2015-05-28,2015-06-10,BBS_CA_033_BAKERSFIELD,2015,32
BBS_CA_033_BAKERSFIELD_2016,35.1800607,-119.1639019,2016-05-28,2016-06-10,BBS_CA_033_BAKERSFIELD,2016,32
BBS_CA_033_BAKERSFIELD_2017,35.1800607,-119.1639019,2017-05-28,2017-06-10,BBS_CA_033_BAKERSFIELD,2017,32
BBS_CA_033_BAKERSFIELD_2018,35.1800607,-119.1639019,2018-05-28,2018-06-10,BBS_CA_033_BAKERSFIELD,2018,32
BBS_CA_033_BAKERSFIELD_2019,35.1800607,-119.1639019,2019-05-28,2019-06-10,BBS_CA_033_BAKERSFIELD,2019,32
BBS_CA_033_BAKERSFIELD_2020,35.1800607,-119.1639019,2020-05-28,2020-06-10,BBS_CA_033_BAKERSFIELD,2020,32
BBS_CA_033_BAKERSFIELD_2021,35.1800607,-119.1639019,2021-05-28,2021-06-10,BBS_CA_033_BAKERSFIELD,2021,32
BBS_CA_033_BAKERSFIELD_2022,35.1800607,-119.1639019,2022-05-28,2022-06-10,BBS_CA_033_BAKERSFIELD,2022,32
BBS_CA_033_BAKERSFIELD_2023,35.1800607,-119.1639019,2023-05-28,2023-06-10,BBS_CA_033_BAKERSFIELD,2023,32
BBS_CA_187_ZAMORA_2015,38.7939347,-121.8400349,2015-05-28,2015-06-10,BBS_CA_187_ZAMORA,2015,32
BBS_CA_187_ZAMORA_2016,38.7939347,-121.8400349,2016-05-28,2016-06-10,BBS_CA_187_ZAMORA,2016,32
BBS_CA_187_ZAMORA_2017,38.7939347,-121.8400349,2017-05-28,2017-06-10,BBS_CA_187_ZAMORA,2017,32
BBS_CA_187_ZAMORA_2018,38.7939347,-121.8400349,2018-05-28,2018-06-10,BBS_CA_187_ZAMORA,2018,32
BBS_CA_187_ZAMORA_2019,38.7939347,-121.8400349,2019-05-28,2019-06-10,BBS_CA_187_ZAMORA,2019,32
BBS_CA_187_ZAMORA_2020,38.7939347,-121.8400349,2020-05-28,2020-06-10,BBS_CA_187_ZAMORA,2020,32
BBS_CA_187_ZAMORA_2021,38.7939347,-121.8400349,2021-05-28,2021-06-10,BBS_CA_187_ZAMORA,2021,32
BBS_CA_187_ZAMORA_2022,38.7939347,-121.8400349,2022-05-28,2022-06-10,BBS_CA_187_ZAMORA,2022,32
BBS_CA_187_ZAMORA_2023,38.7939347,-121.8400349,2023-05-28,2023-06-10,BBS_CA_187_ZAMORA,2023,32
BBS_CA_012_PENNINGTON_2015,39.2754327,-121.7340849,2015-05-28,2015-06-10,BBS_CA_012_PENNINGTON,2015,32
BBS_CA_012_PENNINGTON_2016,39.2754327,-121.7340849,2016-05-28,2016-06-10,BBS_CA_012_PENNINGTON,2016,32
BBS_CA_012_PENNINGTON_2017,39.2754327,-121.7340849,2017-05-28,2017-06-10,BBS_CA_012_PENNINGTON,2017,32
BBS_CA_012_PENNINGTON_2018,39.2754327,-121.7340849,2018-05-28,2018-06-10,BBS_CA_012_PENNINGTON,2018,32
BBS_CA_012_PENNINGTON_2019,39.2754327,-121.7340849,2019-05-28,2019-06-10,BBS_CA_012_PENNINGTON,2019,32
BBS_CA_012_PENNINGTON_2020,39.2754327,-121.7340849,2020-05-28,2020-06-10,BBS_CA_012_PENNINGTON,2020,32
BBS_CA_012_PENNINGTON_2021,39.2754327,-121.7340849,2021-05-28,2021-06-10,BBS_CA_012_PENNINGTON,2021,32
BBS_CA_012_PENNINGTON_2022,39.2754327,-121.7340849,2022-05-28,2022-06-10,BBS_CA_012_PENNINGTON,2022,32
BBS_CA_012_PENNINGTON_2023,39.2754327,-121.7340849,2023-05-28,2023-06-10,BBS_CA_012_PENNINGTON,2023,32
BBS_CA_149_ATWATER_2015,37.2442817,-120.6701509,2015-05-28,2015-06-10,BBS_CA_149_ATWATER,2015,32
BBS_CA_149_ATWATER_2016,37.2442817,-120.6701509,2016-05-28,2016-06-10,BBS_CA_149_ATWATER,2016,32
BBS_CA_149_ATWATER_2017,37.2442817,-120.6701509,2017-05-28,2017-06-10,BBS_CA_149_ATWATER,2017,32
BBS_CA_149_ATWATER_2018,37.2442817,-120.6701509,2018-05-28,2018-06-10,BBS_CA_149_ATWATER,2018,32
BBS_CA_149_ATWATER_2019,37.2442817,-120.6701509,2019-05-28,2019-06-10,BBS_CA_149_ATWATER,2019,32
BBS_CA_149_ATWATER_2020,37.2442817,-120.6701509,2020-05-28,2020-06-10,BBS_CA_149_ATWATER,2020,32
BBS_CA_149_ATWATER_2021,37.2442817,-120.6701509,2021-05-28,2021-06-10,BBS_CA_149_ATWATER,2021,32
BBS_CA_149_ATWATER_2022,37.2442817,-120.6701509,2022-05-28,2022-06-10,BBS_CA_149_ATWATER,2022,32
BBS_CA_149_ATWATER_2023,37.2442817,-120.6701509,2023-05-28,2023-06-10,BBS_CA_149_ATWATER,2023,32
BBS_CA_080_ORLAND_2015,39.7633427,-122.2390059,2015-05-28,2015-06-10,BBS_CA_080_ORLAND,2015,32
BBS_CA_080_ORLAND_2016,39.7633427,-122.2390059,2016-05-28,2016-06-10,BBS_CA_080_ORLAND,2016,32
BBS_CA_080_ORLAND_2017,39.7633427,-122.2390059,2017-05-28,2017-06-10,BBS_CA_080_ORLAND,2017,32
BBS_CA_080_ORLAND_2018,39.7633427,-122.2390059,2018-05-28,2018-06-10,BBS_CA_080_ORLAND,2018,32
BBS_CA_080_ORLAND_2019,39.7633427,-122.2390059,2019-05-28,2019-06-10,BBS_CA_080_ORLAND,2019,32
BBS_CA_080_ORLAND_2020,39.7633427,-122.2390059,2020-05-28,2020-06-10,BBS_CA_080_ORLAND,2020,32
BBS_CA_080_ORLAND_2021,39.7633427,-122.2390059,2021-05-28,2021-06-10,BBS_CA_080_ORLAND,2021,32
BBS_CA_080_ORLAND_2022,39.7633427,-122.2390059,2022-05-28,2022-06-10,BBS_CA_080_ORLAND,2022,32
BBS_CA_080_ORLAND_2023,39.7633427,-122.2390059,2023-05-28,2023-06-10,BBS_CA_080_ORLAND,2023,32
BBS_CA_026_OILFIELDS_2015,36.3127167,-120.3048859,2015-05-28,2015-06-10,BBS_CA_026_OILFIELDS,2015,32
BBS_CA_026_OILFIELDS_2016,36.3127167,-120.3048859,2016-05-28,2016-06-10,BBS_CA_026_OILFIELDS,2016,32
BBS_CA_026_OILFIELDS_2017,36.3127167,-120.3048859,2017-05-28,2017-06-10,BBS_CA_026_OILFIELDS,2017,32
BBS_CA_026_OILFIELDS_2018,36.3127167,-120.3048859,2018-05-28,2018-06-10,BBS_CA_026_OILFIELDS,2018,32
BBS_CA_026_OILFIELDS_2019,36.3127167,-120.3048859,2019-05-28,2019-06-10,BBS_CA_026_OILFIELDS,2019,32
BBS_CA_026_OILFIELDS_2020,36.3127167,-120.3048859,2020-05-28,2020-06-10,BBS_CA_026_OILFIELDS,2020,32
BBS_CA_026_OILFIELDS_2021,36.3127167,-120.3048859,2021-05-28,2021-06-10,BBS_CA_026_OILFIELDS,2021,32
BBS_CA_026_OILFIELDS_2022,36.3127167,-120.3048859,2022-05-28,2022-06-10,BBS_CA_026_OILFIELDS,2022,32
BBS_CA_026_OILFIELDS_2023,36.3127167,-120.3048859,2023-05-28,2023-06-10,BBS_CA_026_OILFIELDS,2023,32
BBS_CA_089_NILAND_2015,33.2200507,-115.4847789,2015-05-28,2015-06-10,BBS_CA_089_NILAND,2015,33
BBS_CA_089_NILAND_2016,33.2200507,-115.4847789,2016-05-28,2016-06-10,BBS_CA_089_NILAND,2016,33
BBS_CA_089_NILAND_2017,33.2200507,-115.4847789,2017-05-28,2017-06-10,BBS_CA_089_NILAND,2017,33
BBS_CA_089_NILAND_2018,33.2200507,-115.4847789,2018-05-28,2018-06-10,BBS_CA_089_NILAND,2018,33
BBS_CA_089_NILAND_2019,33.2200507,-115.4847789,2019-05-28,2019-06-10,BBS_CA_089_NILAND,2019,33
BBS_CA_089_NILAND_2020,33.2200507,-115.4847789,2020-05-28,2020-06-10,BBS_CA_089_NILAND,2020,33
BBS_CA_089_NILAND_2021,33.2200507,-115.4847789,2021-05-28,2021-06-10,BBS_CA_089_NILAND,2021,33
BBS_CA_089_NILAND_2022,33.2200507,-115.4847789,2022-05-28,2022-06-10,BBS_CA_089_NILAND,2022,33
BBS_CA_089_NILAND_2023,33.2200507,-115.4847789,2023-05-28,2023-06-10,BBS_CA_089_NILAND,2023,33
BBS_CA_055_LAKE_SUCCESS_2015,36.0801334,-118.8985706,2015-05-28,2015-06-10,BBS_CA_055_LAKE_SUCCESS,2015,32
BBS_CA_055_LAKE_SUCCESS_2016,36.0801334,-118.8985706,2016-05-28,2016-06-10,BBS_CA_055_LAKE_SUCCESS,2016,32
BBS_CA_055_LAKE_SUCCESS_2017,36.0801334,-118.8985706,2017-05-28,2017-06-10,BBS_CA_055_LAKE_SUCCESS,2017,32
BBS_CA_055_LAKE_SUCCESS_2018,36.0801334,-118.8985706,2018-05-28,2018-06-10,BBS_CA_055_LAKE_SUCCESS,2018,32
BBS_CA_055_LAKE_SUCCESS_2019,36.0801334,-118.8985706,2019-05-28,2019-06-10,BBS_CA_055_LAKE_SUCCESS,2019,32
BBS_CA_055_LAKE_SUCCESS_2020,36.0801334,-118.8985706,2020-05-28,2020-06-10,BBS_CA_055_LAKE_SUCCESS,2020,32
BBS_CA_055_LAKE_SUCCESS_2021,36.0801334,-118.8985706,2021-05-28,2021-06-10,BBS_CA_055_LAKE_SUCCESS,2021,32
BBS_CA_055_LAKE_SUCCESS_2022,36.0801334,-118.8985706,2022-05-28,2022-06-10,BBS_CA_055_LAKE_SUCCESS,2022,32
BBS_CA_055_LAKE_SUCCESS_2023,36.0801334,-118.8985706,2023-05-28,2023-06-10,BBS_CA_055_LAKE_SUCCESS,2023,32
BBS_CA_196_ORA_LOMA_2015,36.8794687,-120.7850119,2015-05-28,2015-06-10,BBS_CA_196_ORA_LOMA,2015,32
BBS_CA_196_ORA_LOMA_2016,36.8794687,-120.7850119,2016-05-28,2016-06-10,BBS_CA_196_ORA_LOMA,2016,32
BBS_CA_196_ORA_LOMA_2017,36.8794687,-120.7850119,2017-05-28,2017-06-10,BBS_CA_196_ORA_LOMA,2017,32
BBS_CA_196_ORA_LOMA_2018,36.8794687,-120.7850119,2018-05-28,2018-06-10,BBS_CA_196_ORA_LOMA,2018,32
BBS_CA_196_ORA_LOMA_2019,36.8794687,-120.7850119,2019-05-28,2019-06-10,BBS_CA_196_ORA_LOMA,2019,32
BBS_CA_196_ORA_LOMA_2020,36.8794687,-120.7850119,2020-05-28,2020-06-10,BBS_CA_196_ORA_LOMA,2020,32
BBS_CA_196_ORA_LOMA_2021,36.8794687,-120.7850119,2021-05-28,2021-06-10,BBS_CA_196_ORA_LOMA,2021,32
BBS_CA_196_ORA_LOMA_2022,36.8794687,-120.7850119,2022-05-28,2022-06-10,BBS_CA_196_ORA_LOMA,2022,32
BBS_CA_196_ORA_LOMA_2023,36.8794687,-120.7850119,2023-05-28,2023-06-10,BBS_CA_196_ORA_LOMA,2023,32
BBS_CA_125_MARICOPA_2015,35.0586291,-119.3492988,2015-05-28,2015-06-10,BBS_CA_125_MARICOPA,2015,32
BBS_CA_125_MARICOPA_2016,35.0586291,-119.3492988,2016-05-28,2016-06-10,BBS_CA_125_MARICOPA,2016,32
BBS_CA_125_MARICOPA_2017,35.0586291,-119.3492988,2017-05-28,2017-06-10,BBS_CA_125_MARICOPA,2017,32
BBS_CA_125_MARICOPA_2018,35.0586291,-119.3492988,2018-05-28,2018-06-10,BBS_CA_125_MARICOPA,2018,32
BBS_CA_125_MARICOPA_2019,35.0586291,-119.3492988,2019-05-28,2019-06-10,BBS_CA_125_MARICOPA,2019,32
BBS_CA_125_MARICOPA_2020,35.0586291,-119.3492988,2020-05-28,2020-06-10,BBS_CA_125_MARICOPA,2020,32
BBS_CA_125_MARICOPA_2021,35.0586291,-119.3492988,2021-05-28,2021-06-10,BBS_CA_125_MARICOPA,2021,32
BBS_CA_125_MARICOPA_2022,35.0586291,-119.3492988,2022-05-28,2022-06-10,BBS_CA_125_MARICOPA,2022,32
BBS_CA_125_MARICOPA_2023,35.0586291,-119.3492988,2023-05-28,2023-06-10,BBS_CA_125_MARICOPA,2023,32
BBS_CA_100_WISTER_2015,33.285091,-115.579064,2015-05-28,2015-06-10,BBS_CA_100_WISTER,2015,33
BBS_CA_100_WISTER_2016,33.285091,-115.579064,2016-05-28,2016-06-10,BBS_CA_100_WISTER,2016,33
BBS_CA_100_WISTER_2017,33.285091,-115.579064,2017-05-28,2017-06-10,BBS_CA_100_WISTER,2017,33
BBS_CA_100_WISTER_2018,33.285091,-115.579064,2018-05-28,2018-06-10,BBS_CA_100_WISTER,2018,33
BBS_CA_100_WISTER_2019,33.285091,-115.579064,2019-05-28,2019-06-10,BBS_CA_100_WISTER,2019,33
BBS_CA_100_WISTER_2020,33.285091,-115.579064,2020-05-28,2020-06-10,BBS_CA_100_WISTER,2020,33
BBS_CA_100_WISTER_2021,33.285091,-115.579064,2021-05-28,2021-06-10,BBS_CA_100_WISTER,2021,33
BBS_CA_100_WISTER_2022,33.285091,-115.579064,2022-05-28,2022-06-10,BBS_CA_100_WISTER,2022,33
BBS_CA_100_WISTER_2023,33.285091,-115.579064,2023-05-28,2023-06-10,BBS_CA_100_WISTER,2023,33
BBS_CA_252_Hollister_2_2015,36.8242987,-121.2813,2015-05-28,2015-06-10,BBS_CA_252_Hollister_2,2015,32
BBS_CA_252_Hollister_2_2016,36.8242987,-121.2813,2016-05-28,2016-06-10,BBS_CA_252_Hollister_2,2016,32
BBS_CA_252_Hollister_2_2017,36.8242987,-121.2813,2017-05-28,2017-06-10,BBS_CA_252_Hollister_2,2017,32
BBS_CA_252_Hollister_2_2018,36.8242987,-121.2813,2018-05-28,2018-06-10,BBS_CA_252_Hollister_2,2018,32
BBS_CA_252_Hollister_2_2019,36.8242987,-121.2813,2019-05-28,2019-06-10,BBS_CA_252_Hollister_2,2019,32
BBS_CA_252_Hollister_2_2020,36.8242987,-121.2813,2020-05-28,2020-06-10,BBS_CA_252_Hollister_2,2020,32
BBS_CA_252_Hollister_2_2021,36.8242987,-121.2813,2021-05-28,2021-06-10,BBS_CA_252_Hollister_2,2021,32
BBS_CA_252_Hollister_2_2022,36.8242987,-121.2813,2022-05-28,2022-06-10,BBS_CA_252_Hollister_2,2022,32
BBS_CA_252_Hollister_2_2023,36.8242987,-121.2813,2023-05-28,2023-06-10,BBS_CA_252_Hollister_2,2023,32
BBS_CA_302_GLEN_ELLEN_2_2015,38.3796305,-122.5109615,2015-05-28,2015-06-10,BBS_CA_302_GLEN_ELLEN_2,2015,32
BBS_CA_302_GLEN_ELLEN_2_2016,38.3796305,-122.5109615,2016-05-28,2016-06-10,BBS_CA_302_GLEN_ELLEN_2,2016,32
BBS_CA_302_GLEN_ELLEN_2_2017,38.3796305,-122.5109615,2017-05-28,2017-06-10,BBS_CA_302_GLEN_ELLEN_2,2017,32
BBS_CA_302_GLEN_ELLEN_2_2018,38.3796305,-122.5109615,2018-05-28,2018-06-10,BBS_CA_302_GLEN_ELLEN_2,2018,32
BBS_CA_302_GLEN_ELLEN_2_2019,38.3796305,-122.5109615,2019-05-28,2019-06-10,BBS_CA_302_GLEN_ELLEN_2,2019,32
BBS_CA_302_GLEN_ELLEN_2_2020,38.3796305,-122.5109615,2020-05-28,2020-06-10,BBS_CA_302_GLEN_ELLEN_2,2020,32
BBS_CA_302_GLEN_ELLEN_2_2021,38.3796305,-122.5109615,2021-05-28,2021-06-10,BBS_CA_302_GLEN_ELLEN_2,2021,32
BBS_CA_302_GLEN_ELLEN_2_2022,38.3796305,-122.5109615,2022-05-28,2022-06-10,BBS_CA_302_GLEN_ELLEN_2,2022,32
BBS_CA_302_GLEN_ELLEN_2_2023,38.3796305,-122.5109615,2023-05-28,2023-06-10,BBS_CA_302_GLEN_ELLEN_2,2023,32
BBS_CA_220_JOFEGAN_2015,33.3068648,-117.342142,2015-05-28,2015-06-10,BBS_CA_220_JOFEGAN,2015,32
BBS_CA_220_JOFEGAN_2016,33.3068648,-117.342142,2016-05-28,2016-06-10,BBS_CA_220_JOFEGAN,2016,32
BBS_CA_220_JOFEGAN_2017,33.3068648,-117.342142,2017-05-28,2017-06-10,BBS_CA_220_JOFEGAN,2017,32
BBS_CA_220_JOFEGAN_2018,33.3068648,-117.342142,2018-05-28,2018-06-10,BBS_CA_220_JOFEGAN,2018,32
BBS_CA_220_JOFEGAN_2019,33.3068648,-117.342142,2019-05-28,2019-06-10,BBS_CA_220_JOFEGAN,2019,32
BBS_CA_220_JOFEGAN_2020,33.3068648,-117.342142,2020-05-28,2020-06-10,BBS_CA_220_JOFEGAN,2020,32
BBS_CA_220_JOFEGAN_2021,33.3068648,-117.342142,2021-05-28,2021-06-10,BBS_CA_220_JOFEGAN,2021,32
BBS_CA_220_JOFEGAN_2022,33.3068648,-117.342142,2022-05-28,2022-06-10,BBS_CA_220_JOFEGAN,2022,32
BBS_CA_220_JOFEGAN_2023,33.3068648,-117.342142,2023-05-28,2023-06-10,BBS_CA_220_JOFEGAN,2023,32
BBS_CA_148_GLENN_2015,39.5508277,-122.0649918,2015-05-28,2015-06-10,BBS_CA_148_GLENN,2015,32
BBS_CA_148_GLENN_2016,39.5508277,-122.0649918,2016-05-28,2016-06-10,BBS_CA_148_GLENN,2016,32
BBS_CA_148_GLENN_2017,39.5508277,-122.0649918,2017-05-28,2017-06-10,BBS_CA_148_GLENN,2017,32
BBS_CA_148_GLENN_2018,39.5508277,-122.0649918,2018-05-28,2018-06-10,BBS_CA_148_GLENN,2018,32
BBS_CA_148_GLENN_2019,39.5508277,-122.0649918,2019-05-28,2019-06-10,BBS_CA_148_GLENN,2019,32
BBS_CA_148_GLENN_2020,39.5508277,-122.0649918,2020-05-28,2020-06-10,BBS_CA_148_GLENN,2020,32
BBS_CA_148_GLENN_2021,39.5508277,-122.0649918,2021-05-28,2021-06-10,BBS_CA_148_GLENN,2021,32
BBS_CA_148_GLENN_2022,39.5508277,-122.0649918,2022-05-28,2022-06-10,BBS_CA_148_GLENN,2022,32
BBS_CA_148_GLENN_2023,39.5508277,-122.0649918,2023-05-28,2023-06-10,BBS_CA_148_GLENN,2023,32
BBS_CA_168_MACDOEL_2015,41.8224004,-122.0111142,2015-05-28,2015-06-10,BBS_CA_168_MACDOEL,2015,9
BBS_CA_168_MACDOEL_2016,41.8224004,-122.0111142,2016-05-28,2016-06-10,BBS_CA_168_MACDOEL,2016,9
BBS_CA_168_MACDOEL_2017,41.8224004,-122.0111142,2017-05-28,2017-06-10,BBS_CA_168_MACDOEL,2017,9
BBS_CA_168_MACDOEL_2018,41.8224004,-122.0111142,2018-05-28,2018-06-10,BBS_CA_168_MACDOEL,2018,9
BBS_CA_168_MACDOEL_2019,41.8224004,-122.0111142,2019-05-28,2019-06-10,BBS_CA_168_MACDOEL,2019,9
BBS_CA_168_MACDOEL_2020,41.8224004,-122.0111142,2020-05-28,2020-06-10,BBS_CA_168_MACDOEL,2020,9
BBS_CA_168_MACDOEL_2021,41.8224004,-122.0111142,2021-05-28,2021-06-10,BBS_CA_168_MACDOEL,2021,9
BBS_CA_168_MACDOEL_2022,41.8224004,-122.0111142,2022-05-28,2022-06-10,BBS_CA_168_MACDOEL,2022,9
BBS_CA_168_MACDOEL_2023,41.8224004,-122.0111142,2023-05-28,2023-06-10,BBS_CA_168_MACDOEL,2023,9
BBS_CA_503_Tracy_2_2015,37.665124,-121.73284,2015-05-28,2015-06-10,BBS_CA_503_Tracy_2,2015,32
BBS_CA_503_Tracy_2_2016,37.665124,-121.73284,2016-05-28,2016-06-10,BBS_CA_503_Tracy_2,2016,32
BBS_CA_503_Tracy_2_2017,37.665124,-121.73284,2017-05-28,2017-06-10,BBS_CA_503_Tracy_2,2017,32
BBS_CA_503_Tracy_2_2018,37.665124,-121.73284,2018-05-28,2018-06-10,BBS_CA_503_Tracy_2,2018,32
BBS_CA_503_Tracy_2_2019,37.665124,-121.73284,2019-05-28,2019-06-10,BBS_CA_503_Tracy_2,2019,32
BBS_CA_503_Tracy_2_2020,37.665124,-121.73284,2020-05-28,2020-06-10,BBS_CA_503_Tracy_2,2020,32
BBS_CA_503_Tracy_2_2021,37.665124,-121.73284,2021-05-28,2021-06-10,BBS_CA_503_Tracy_2,2021,32
BBS_CA_503_Tracy_2_2022,37.665124,-121.73284,2022-05-28,2022-06-10,BBS_CA_503_Tracy_2,2022,32
BBS_CA_503_Tracy_2_2023,37.665124,-121.73284,2023-05-28,2023-06-10,BBS_CA_503_Tracy_2,2023,32
BBS_CA_352_STATEN_IS._2015,38.1231944,-121.525076,2015-05-28,2015-06-10,BBS_CA_352_STATEN_IS.,2015,32
BBS_CA_352_STATEN_IS._2016,38.1231944,-121.525076,2016-05-28,2016-06-10,BBS_CA_352_STATEN_IS.,2016,32
BBS_CA_352_STATEN_IS._2017,38.1231944,-121.525076,2017-05-28,2017-06-10,BBS_CA_352_STATEN_IS.,2017,32
BBS_CA_352_STATEN_IS._2018,38.1231944,-121.525076,2018-05-28,2018-06-10,BBS_CA_352_STATEN_IS.,2018,32
BBS_CA_352_STATEN_IS._2019,38.1231944,-121.525076,2019-05-28,2019-06-10,BBS_CA_352_STATEN_IS.,2019,32
BBS_CA_352_STATEN_IS._2020,38.1231944,-121.525076,2020-05-28,2020-06-10,BBS_CA_352_STATEN_IS.,2020,32
BBS_CA_352_STATEN_IS._2021,38.1231944,-121.525076,2021-05-28,2021-06-10,BBS_CA_352_STATEN_IS.,2021,32
BBS_CA_352_STATEN_IS._2022,38.1231944,-121.525076,2022-05-28,2022-06-10,BBS_CA_352_STATEN_IS.,2022,32
BBS_CA_352_STATEN_IS._2023,38.1231944,-121.525076,2023-05-28,2023-06-10,BBS_CA_352_STATEN_IS.,2023,32
BBS_CA_028_YOKOHL_VAL_2015,36.2677648,-118.9924775,2015-05-28,2015-06-10,BBS_CA_028_YOKOHL_VAL,2015,32
BBS_CA_028_YOKOHL_VAL_2016,36.2677648,-118.9924775,2016-05-28,2016-06-10,BBS_CA_028_YOKOHL_VAL,2016,32
BBS_CA_028_YOKOHL_VAL_2017,36.2677648,-118.9924775,2017-05-28,2017-06-10,BBS_CA_028_YOKOHL_VAL,2017,32
BBS_CA_028_YOKOHL_VAL_2018,36.2677648,-118.9924775,2018-05-28,2018-06-10,BBS_CA_028_YOKOHL_VAL,2018,32
BBS_CA_028_YOKOHL_VAL_2019,36.2677648,-118.9924775,2019-05-28,2019-06-10,BBS_CA_028_YOKOHL_VAL,2019,32
BBS_CA_028_YOKOHL_VAL_2020,36.2677648,-118.9924775,2020-05-28,2020-06-10,BBS_CA_028_YOKOHL_VAL,2020,32
BBS_CA_028_YOKOHL_VAL_2021,36.2677648,-118.9924775,2021-05-28,2021-06-10,BBS_CA_028_YOKOHL_VAL,2021,32
BBS_CA_028_YOKOHL_VAL_2022,36.2677648,-118.9924775,2022-05-28,2022-06-10,BBS_CA_028_YOKOHL_VAL,2022,32
BBS_CA_028_YOKOHL_VAL_2023,36.2677648,-118.9924775,2023-05-28,2023-06-10,BBS_CA_028_YOKOHL_VAL,2023,32
BBS_CA_420_PLACERVILLE_2015,38.7995807,-120.7242129,2015-05-28,2015-06-10,BBS_CA_420_PLACERVILLE,2015,15
BBS_CA_420_PLACERVILLE_2016,38.7995807,-120.7242129,2016-05-28,2016-06-10,BBS_CA_420_PLACERVILLE,2016,15
BBS_CA_420_PLACERVILLE_2017,38.7995807,-120.7242129,2017-05-28,2017-06-10,BBS_CA_420_PLACERVILLE,2017,15
BBS_CA_420_PLACERVILLE_2018,38.7995807,-120.7242129,2018-05-28,2018-06-10,BBS_CA_420_PLACERVILLE,2018,15
BBS_CA_420_PLACERVILLE_2019,38.7995807,-120.7242129,2019-05-28,2019-06-10,BBS_CA_420_PLACERVILLE,2019,15
BBS_CA_420_PLACERVILLE_2020,38.7995807,-120.7242129,2020-05-28,2020-06-10,BBS_CA_420_PLACERVILLE,2020,15
BBS_CA_420_PLACERVILLE_2021,38.7995807,-120.7242129,2021-05-28,2021-06-10,BBS_CA_420_PLACERVILLE,2021,15
BBS_CA_420_PLACERVILLE_2022,38.7995807,-120.7242129,2022-05-28,2022-06-10,BBS_CA_420_PLACERVILLE,2022,15
BBS_CA_420_PLACERVILLE_2023,38.7995807,-120.7242129,2023-05-28,2023-06-10,BBS_CA_420_PLACERVILLE,2023,15
BBS_CA_166_DORRIS_2015,41.9998861,-121.8916067,2015-05-28,2015-06-10,BBS_CA_166_DORRIS,2015,9
BBS_CA_166_DORRIS_2016,41.9998861,-121.8916067,2016-05-28,2016-06-10,BBS_CA_166_DORRIS,2016,9
BBS_CA_166_DORRIS_2017,41.9998861,-121.8916067,2017-05-28,2017-06-10,BBS_CA_166_DORRIS,2017,9
BBS_CA_166_DORRIS_2018,41.9998861,-121.8916067,2018-05-28,2018-06-10,BBS_CA_166_DORRIS,2018,9
BBS_CA_166_DORRIS_2019,41.9998861,-121.8916067,2019-05-28,2019-06-10,BBS_CA_166_DORRIS,2019,9
BBS_CA_166_DORRIS_2020,41.9998861,-121.8916067,2020-05-28,2020-06-10,BBS_CA_166_DORRIS,2020,9
BBS_CA_166_DORRIS_2021,41.9998861,-121.8916067,2021-05-28,2021-06-10,BBS_CA_166_DORRIS,2021,9
BBS_CA_166_DORRIS_2022,41.9998861,-121.8916067,2022-05-28,2022-06-10,BBS_CA_166_DORRIS,2022,9
BBS_CA_166_DORRIS_2023,41.9998861,-121.8916067,2023-05-28,2023-06-10,BBS_CA_166_DORRIS,2023,9
BBS_CA_007_RED_BLUFF_2015,40.3520163,-122.3059647,2015-05-28,2015-06-10,BBS_CA_007_RED_BLUFF,2015,32
BBS_CA_007_RED_BLUFF_2016,40.3520163,-122.3059647,2016-05-28,2016-06-10,BBS_CA_007_RED_BLUFF,2016,32
BBS_CA_007_RED_BLUFF_2017,40.3520163,-122.3059647,2017-05-28,2017-06-10,BBS_CA_007_RED_BLUFF,2017,32
BBS_CA_007_RED_BLUFF_2018,40.3520163,-122.3059647,2018-05-28,2018-06-10,BBS_CA_007_RED_BLUFF,2018,32
BBS_CA_007_RED_BLUFF_2019,40.3520163,-122.3059647,2019-05-28,2019-06-10,BBS_CA_007_RED_BLUFF,2019,32
BBS_CA_007_RED_BLUFF_2020,40.3520163,-122.3059647,2020-05-28,2020-06-10,BBS_CA_007_RED_BLUFF,2020,32
BBS_CA_007_RED_BLUFF_2021,40.3520163,-122.3059647,2021-05-28,2021-06-10,BBS_CA_007_RED_BLUFF,2021,32
BBS_CA_007_RED_BLUFF_2022,40.3520163,-122.3059647,2022-05-28,2022-06-10,BBS_CA_007_RED_BLUFF,2022,32
BBS_CA_007_RED_BLUFF_2023,40.3520163,-122.3059647,2023-05-28,2023-06-10,BBS_CA_007_RED_BLUFF,2023,32
BBS_CA_043_CADIZ_2015,34.5108617,-115.4898379,2015-05-28,2015-06-10,BBS_CA_043_CADIZ,2015,33
BBS_CA_043_CADIZ_2016,34.5108617,-115.4898379,2016-05-28,2016-06-10,BBS_CA_043_CADIZ,2016,33
BBS_CA_043_CADIZ_2017,34.5108617,-115.4898379,2017-05-28,2017-06-10,BBS_CA_043_CADIZ,2017,33
BBS_CA_043_CADIZ_2018,34.5108617,-115.4898379,2018-05-28,2018-06-10,BBS_CA_043_CADIZ,2018,33
BBS_CA_043_CADIZ_2019,34.5108617,-115.4898379,2019-05-28,2019-06-10,BBS_CA_043_CADIZ,2019,33
BBS_CA_043_CADIZ_2020,34.5108617,-115.4898379,2020-05-28,2020-06-10,BBS_CA_043_CADIZ,2020,33
BBS_CA_043_CADIZ_2021,34.5108617,-115.4898379,2021-05-28,2021-06-10,BBS_CA_043_CADIZ,2021,33
BBS_CA_043_CADIZ_2022,34.5108617,-115.4898379,2022-05-28,2022-06-10,BBS_CA_043_CADIZ,2022,33
BBS_CA_043_CADIZ_2023,34.5108617,-115.4898379,2023-05-28,2023-06-10,BBS_CA_043_CADIZ,2023,33
BBS_CA_059_INYOKERN_2015,35.6076917,-117.800197,2015-05-28,2015-06-10,BBS_CA_059_INYOKERN,2015,33
BBS_CA_059_INYOKERN_2016,35.6076917,-117.800197,2016-05-28,2016-06-10,BBS_CA_059_INYOKERN,2016,33
BBS_CA_059_INYOKERN_2017,35.6076917,-117.800197,2017-05-28,2017-06-10,BBS_CA_059_INYOKERN,2017,33
BBS_CA_059_INYOKERN_2018,35.6076917,-117.800197,2018-05-28,2018-06-10,BBS_CA_059_INYOKERN,2018,33
BBS_CA_059_INYOKERN_2019,35.6076917,-117.800197,2019-05-28,2019-06-10,BBS_CA_059_INYOKERN,2019,33
BBS_CA_059_INYOKERN_2020,35.6076917,-117.800197,2020-05-28,2020-06-10,BBS_CA_059_INYOKERN,2020,33
BBS_CA_059_INYOKERN_2021,35.6076917,-117.800197,2021-05-28,2021-06-10,BBS_CA_059_INYOKERN,2021,33
BBS_CA_059_INYOKERN_2022,35.6076917,-117.800197,2022-05-28,2022-06-10,BBS_CA_059_INYOKERN,2022,33
BBS_CA_059_INYOKERN_2023,35.6076917,-117.800197,2023-05-28,2023-06-10,BBS_CA_059_INYOKERN,2023,33
BBS_CA_173_LOCKWOOD_2015,35.9222607,-121.0644229,2015-05-28,2015-06-10,BBS_CA_173_LOCKWOOD,2015,32
BBS_CA_173_LOCKWOOD_2016,35.9222607,-121.0644229,2016-05-28,2016-06-10,BBS_CA_173_LOCKWOOD,2016,32
BBS_CA_173_LOCKWOOD_2017,35.9222607,-121.0644229,2017-05-28,2017-06-10,BBS_CA_173_LOCKWOOD,2017,32
BBS_CA_173_LOCKWOOD_2018,35.9222607,-121.0644229,2018-05-28,2018-06-10,BBS_CA_173_LOCKWOOD,2018,32
BBS_CA_173_LOCKWOOD_2019,35.9222607,-121.0644229,2019-05-28,2019-06-10,BBS_CA_173_LOCKWOOD,2019,32
BBS_CA_173_LOCKWOOD_2020,35.9222607,-121.0644229,2020-05-28,2020-06-10,BBS_CA_173_LOCKWOOD,2020,32
BBS_CA_173_LOCKWOOD_2021,35.9222607,-121.0644229,2021-05-28,2021-06-10,BBS_CA_173_LOCKWOOD,2021,32
BBS_CA_173_LOCKWOOD_2022,35.9222607,-121.0644229,2022-05-28,2022-06-10,BBS_CA_173_LOCKWOOD,2022,32
BBS_CA_173_LOCKWOOD_2023,35.9222607,-121.0644229,2023-05-28,2023-06-10,BBS_CA_173_LOCKWOOD,2023,32
BBS_CA_123_ADELAIDA_2015,35.6378262,-120.8547697,2015-05-28,2015-06-10,BBS_CA_123_ADELAIDA,2015,32
BBS_CA_123_ADELAIDA_2016,35.6378262,-120.8547697,2016-05-28,2016-06-10,BBS_CA_123_ADELAIDA,2016,32
BBS_CA_123_ADELAIDA_2017,35.6378262,-120.8547697,2017-05-28,2017-06-10,BBS_CA_123_ADELAIDA,2017,32
BBS_CA_123_ADELAIDA_2018,35.6378262,-120.8547697,2018-05-28,2018-06-10,BBS_CA_123_ADELAIDA,2018,32
BBS_CA_123_ADELAIDA_2019,35.6378262,-120.8547697,2019-05-28,2019-06-10,BBS_CA_123_ADELAIDA,2019,32
BBS_CA_123_ADELAIDA_2020,35.6378262,-120.8547697,2020-05-28,2020-06-10,BBS_CA_123_ADELAIDA,2020,32
BBS_CA_123_ADELAIDA_2021,35.6378262,-120.8547697,2021-05-28,2021-06-10,BBS_CA_123_ADELAIDA,2021,32
BBS_CA_123_ADELAIDA_2022,35.6378262,-120.8547697,2022-05-28,2022-06-10,BBS_CA_123_ADELAIDA,2022,32
BBS_CA_123_ADELAIDA_2023,35.6378262,-120.8547697,2023-05-28,2023-06-10,BBS_CA_123_ADELAIDA,2023,32
BBS_CA_901_GAZELLE_2015,41.5209207,-122.5202179,2015-05-28,2015-06-10,BBS_CA_901_GAZELLE,2015,5
BBS_CA_901_GAZELLE_2016,41.5209207,-122.5202179,2016-05-28,2016-06-10,BBS_CA_901_GAZELLE,2016,5
BBS_CA_901_GAZELLE_2017,41.5209207,-122.5202179,2017-05-28,2017-06-10,BBS_CA_901_GAZELLE,2017,5
BBS_CA_901_GAZELLE_2018,41.5209207,-122.5202179,2018-05-28,2018-06-10,BBS_CA_901_GAZELLE,2018,5
BBS_CA_901_GAZELLE_2019,41.5209207,-122.5202179,2019-05-28,2019-06-10,BBS_CA_901_GAZELLE,2019,5
BBS_CA_901_GAZELLE_2020,41.5209207,-122.5202179,2020-05-28,2020-06-10,BBS_CA_901_GAZELLE,2020,5
BBS_CA_901_GAZELLE_2021,41.5209207,-122.5202179,2021-05-28,2021-06-10,BBS_CA_901_GAZELLE,2021,5
BBS_CA_901_GAZELLE_2022,41.5209207,-122.5202179,2022-05-28,2022-06-10,BBS_CA_901_GAZELLE,2022,5
BBS_CA_901_GAZELLE_2023,41.5209207,-122.5202179,2023-05-28,2023-06-10,BBS_CA_901_GAZELLE,2023,5
BBS_CA_112_PEARBLOSSOM_2015,34.5208799,-117.9406162,2015-05-28,2015-06-10,BBS_CA_112_PEARBLOSSOM,2015,33
BBS_CA_112_PEARBLOSSOM_2016,34.5208799,-117.9406162,2016-05-28,2016-06-10,BBS_CA_112_PEARBLOSSOM,2016,33
BBS_CA_112_PEARBLOSSOM_2017,34.5208799,-117.9406162,2017-05-28,2017-06-10,BBS_CA_112_PEARBLOSSOM,2017,33
BBS_CA_112_PEARBLOSSOM_2018,34.5208799,-117.9406162,2018-05-28,2018-06-10,BBS_CA_112_PEARBLOSSOM,2018,33
BBS_CA_112_PEARBLOSSOM_2019,34.5208799,-117.9406162,2019-05-28,2019-06-10,BBS_CA_112_PEARBLOSSOM,2019,33
BBS_CA_112_PEARBLOSSOM_2020,34.5208799,-117.9406162,2020-05-28,2020-06-10,BBS_CA_112_PEARBLOSSOM,2020,33
BBS_CA_112_PEARBLOSSOM_2021,34.5208799,-117.9406162,2021-05-28,2021-06-10,BBS_CA_112_PEARBLOSSOM,2021,33
BBS_CA_112_PEARBLOSSOM_2022,34.5208799,-117.9406162,2022-05-28,2022-06-10,BBS_CA_112_PEARBLOSSOM,2022,33
BBS_CA_112_PEARBLOSSOM_2023,34.5208799,-117.9406162,2023-05-28,2023-06-10,BBS_CA_112_PEARBLOSSOM,2023,33
BBS_CA_186_MARK_WEST_2015,38.5498734,-122.719303,2015-05-28,2015-06-10,BBS_CA_186_MARK_WEST,2015,32
BBS_CA_186_MARK_WEST_2016,38.5498734,-122.719303,2016-05-28,2016-06-10,BBS_CA_186_MARK_WEST,2016,32
BBS_CA_186_MARK_WEST_2017,38.5498734,-122.719303,2017-05-28,2017-06-10,BBS_CA_186_MARK_WEST,2017,32
BBS_CA_186_MARK_WEST_2018,38.5498734,-122.719303,2018-05-28,2018-06-10,BBS_CA_186_MARK_WEST,2018,32
BBS_CA_186_MARK_WEST_2019,38.5498734,-122.719303,2019-05-28,2019-06-10,BBS_CA_186_MARK_WEST,2019,32
BBS_CA_186_MARK_WEST_2020,38.5498734,-122.719303,2020-05-28,2020-06-10,BBS_CA_186_MARK_WEST,2020,32
BBS_CA_186_MARK_WEST_2021,38.5498734,-122.719303,2021-05-28,2021-06-10,BBS_CA_186_MARK_WEST,2021,32
BBS_CA_186_MARK_WEST_2022,38.5498734,-122.719303,2022-05-28,2022-06-10,BBS_CA_186_MARK_WEST,2022,32
BBS_CA_186_MARK_WEST_2023,38.5498734,-122.719303,2023-05-28,2023-06-10,BBS_CA_186_MARK_WEST,2023,32
