location_id,survey_start,survey_end,Carbamates_1000m_30d_lbs_ai,Carbamates_1000m_60d_lbs_ai,Carbamates_1000m_90d_lbs_ai,Carbamates_2000m_30d_lbs_ai,Carbamates_2000m_60d_lbs_ai,Carbamates_2000m_90d_lbs_ai,Carbamates_5000m_30d_lbs_ai,Carbamates_5000m_60d_lbs_ai,Carbamates_5000m_90d_lbs_ai,Carbamates_500m_30d_lbs_ai,Carbamates_500m_60d_lbs_ai,Carbamates_500m_90d_lbs_ai,Diamides_1000m_30d_lbs_ai,Diamides_1000m_60d_lbs_ai,Diamides_1000m_90d_lbs_ai,Diamides_2000m_30d_lbs_ai,Diamides_2000m_60d_lbs_ai,Diamides_2000m_90d_lbs_ai,Diamides_5000m_30d_lbs_ai,Diamides_5000m_60d_lbs_ai,Diamides_5000m_90d_lbs_ai,Diamides_500m_30d_lbs_ai,Diamides_500m_60d_lbs_ai,Diamides_500m_90d_lbs_ai,Next-gen_systemics_5000m_30d_lbs_ai,Next-gen_systemics_5000m_60d_lbs_ai,Next-gen_systemics_5000m_90d_lbs_ai,Organophosphates_1000m_30d_lbs_ai,Organophosphates_1000m_60d_lbs_ai,Organophosphates_1000m_90d_lbs_ai,Organophosphates_2000m_30d_lbs_ai,Organophosphates_2000m_60d_lbs_ai,Organophosphates_2000m_90d_lbs_ai,Organophosphates_5000m_30d_lbs_ai,Organophosphates_5000m_60d_lbs_ai,Organophosphates_5000m_90d_lbs_ai,Organophosphates_500m_30d_lbs_ai,Organophosphates_500m_60d_lbs_ai,Organophosphates_500m_90d_lbs_ai,Other_neonics_2000m_30d_lbs_ai,Other_neonics_2000m_60d_lbs_ai,Other_neonics_2000m_90d_lbs_ai,Other_neonics_5000m_30d_lbs_ai,Other_neonics_5000m_60d_lbs_ai,Other_neonics_5000m_90d_lbs_ai,Pyrethroids_1000m_30d_lbs_ai,Pyrethroids_1000m_60d_lbs_ai,Pyrethroids_1000m_90d_lbs_ai,Pyrethroids_2000m_30d_lbs_ai,Pyrethroids_2000m_60d_lbs_ai,Pyrethroids_2000m_90d_lbs_ai,Pyrethroids_5000m_30d_lbs_ai,Pyrethroids_5000m_60d_lbs_ai,Pyrethroids_5000m_90d_lbs_ai,Pyrethroids_500m_30d_lbs_ai,Pyrethroids_500m_60d_lbs_ai,Pyrethroids_500m_90d_lbs_ai,Restricted_neonics_1000m_30d_lbs_ai,Restricted_neonics_1000m_60d_lbs_ai,Restricted_neonics_1000m_90d_lbs_ai,Restricted_neonics_2000m_30d_lbs_ai,Restricted_neonics_2000m_60d_lbs_ai,Restricted_neonics_2000m_90d_lbs_ai,Restricted_neonics_5000m_30d_lbs_ai,Restricted_neonics_5000m_60d_lbs_ai,Restricted_neonics_5000m_90d_lbs_ai,Restricted_neonics_500m_30d_lbs_ai,Restricted_neonics_500m_60d_lbs_ai,Restricted_neonics_500m_90d_lbs_ai,Spinosyns_1000m_30d_lbs_ai,Spinosyns_1000m_60d_lbs_ai,Spinosyns_1000m_90d_lbs_ai,Spinosyns_2000m_30d_lbs_ai,Spinosyns_2000m_60d_lbs_ai,Spinosyns_2000m_90d_lbs_ai,Spinosyns_5000m_30d_lbs_ai,Spinosyns_5000m_60d_lbs_ai,Spinosyns_5000m_90d_lbs_ai,Spinosyns_500m_30d_lbs_ai,Spinosyns_500m_60d_lbs_ai,Spinosyns_500m_90d_lbs_ai,Carbamates_1000m_30d_tox_units_avian,Carbamates_1000m_60d_tox_units_avian,Carbamates_1000m_90d_tox_units_avian,Carbamates_2000m_30d_tox_units_avian,Carbamates_2000m_60d_tox_units_avian,Carbamates_2000m_90d_tox_units_avian,Carbamates_5000m_30d_tox_units_avian,Carbamates_5000m_60d_tox_units_avian,Carbamates_5000m_90d_tox_units_avian,Carbamates_500m_30d_tox_units_avian,Carbamates_500m_60d_tox_units_avian,Carbamates_500m_90d_tox_units_avian,Diamides_1000m_30d_tox_units_avian,Diamides_1000m_60d_tox_units_avian,Diamides_1000m_90d_tox_units_avian,Diamides_2000m_30d_tox_units_avian,Diamides_2000m_60d_tox_units_avian,Diamides_2000m_90d_tox_units_avian,Diamides_5000m_30d_tox_units_avian,Diamides_5000m_60d_tox_units_avian,Diamides_5000m_90d_tox_units_avian,Diamides_500m_30d_tox_units_avian,Diamides_500m_60d_tox_units_avian,Diamides_500m_90d_tox_units_avian,Next-gen_systemics_5000m_30d_tox_units_avian,Next-gen_systemics_5000m_60d_tox_units_avian,Next-gen_systemics_5000m_90d_tox_units_avian,Organophosphates_1000m_30d_tox_units_avian,Organophosphates_1000m_60d_tox_units_avian,Organophosphates_1000m_90d_tox_units_avian,Organophosphates_2000m_30d_tox_units_avian,Organophosphates_2000m_60d_tox_units_avian,Organophosphates_2000m_90d_tox_units_avian,Organophosphates_5000m_30d_tox_units_avian,Organophosphates_5000m_60d_tox_units_avian,Organophosphates_5000m_90d_tox_units_avian,Organophosphates_500m_30d_tox_units_avian,Organophosphates_500m_60d_tox_units_avian,Organophosphates_500m_90d_tox_units_avian,Other_neonics_2000m_30d_tox_units_avian,Other_neonics_2000m_60d_tox_units_avian,Other_neonics_2000m_90d_tox_units_avian,Other_neonics_5000m_30d_tox_units_avian,Other_neonics_5000m_60d_tox_units_avian,Other_neonics_5000m_90d_tox_units_avian,Pyrethroids_1000m_30d_tox_units_avian,Pyrethroids_1000m_60d_tox_units_avian,Pyrethroids_1000m_90d_tox_units_avian,Pyrethroids_2000m_30d_tox_units_avian,Pyrethroids_2000m_60d_tox_units_avian,Pyrethroids_2000m_90d_tox_units_avian,Pyrethroids_5000m_30d_tox_units_avian,Pyrethroids_5000m_60d_tox_units_avian,Pyrethroids_5000m_90d_tox_units_avian,Pyrethroids_500m_30d_tox_units_avian,Pyrethroids_500m_60d_tox_units_avian,Pyrethroids_500m_90d_tox_units_avian,Restricted_neonics_1000m_30d_tox_units_avian,Restricted_neonics_1000m_60d_tox_units_avian,Restricted_neonics_1000m_90d_tox_units_avian,Restricted_neonics_2000m_30d_tox_units_avian,Restricted_neonics_2000m_60d_tox_units_avian,Restricted_neonics_2000m_90d_tox_units_avian,Restricted_neonics_5000m_30d_tox_units_avian,Restricted_neonics_5000m_60d_tox_units_avian,Restricted_neonics_5000m_90d_tox_units_avian,Restricted_neonics_500m_30d_tox_units_avian,Restricted_neonics_500m_60d_tox_units_avian,Restricted_neonics_500m_90d_tox_units_avian,Spinosyns_1000m_30d_tox_units_avian,Spinosyns_1000m_60d_tox_units_avian,Spinosyns_1000m_90d_tox_units_avian,Spinosyns_2000m_30d_tox_units_avian,Spinosyns_2000m_60d_tox_units_avian,Spinosyns_2000m_90d_tox_units_avian,Spinosyns_5000m_30d_tox_units_avian,Spinosyns_5000m_60d_tox_units_avian,Spinosyns_5000m_90d_tox_units_avian,Spinosyns_500m_30d_tox_units_avian,Spinosyns_500m_60d_tox_units_avian,Spinosyns_500m_90d_tox_units_avian,Carbamates_1000m_30d_tox_units_aquatic,Carbamates_1000m_60d_tox_units_aquatic,Carbamates_1000m_90d_tox_units_aquatic,Carbamates_2000m_30d_tox_units_aquatic,Carbamates_2000m_60d_tox_units_aquatic,Carbamates_2000m_90d_tox_units_aquatic,Carbamates_5000m_30d_tox_units_aquatic,Carbamates_5000m_60d_tox_units_aquatic,Carbamates_5000m_90d_tox_units_aquatic,Carbamates_500m_30d_tox_units_aquatic,Carbamates_500m_60d_tox_units_aquatic,Carbamates_500m_90d_tox_units_aquatic,Diamides_1000m_30d_tox_units_aquatic,Diamides_1000m_60d_tox_units_aquatic,Diamides_1000m_90d_tox_units_aquatic,Diamides_2000m_30d_tox_units_aquatic,Diamides_2000m_60d_tox_units_aquatic,Diamides_2000m_90d_tox_units_aquatic,Diamides_5000m_30d_tox_units_aquatic,Diamides_5000m_60d_tox_units_aquatic,Diamides_5000m_90d_tox_units_aquatic,Diamides_500m_30d_tox_units_aquatic,Diamides_500m_60d_tox_units_aquatic,Diamides_500m_90d_tox_units_aquatic,Next-gen_systemics_5000m_30d_tox_units_aquatic,Next-gen_systemics_5000m_60d_tox_units_aquatic,Next-gen_systemics_5000m_90d_tox_units_aquatic,Organophosphates_1000m_30d_tox_units_aquatic,Organophosphates_1000m_60d_tox_units_aquatic,Organophosphates_1000m_90d_tox_units_aquatic,Organophosphates_2000m_30d_tox_units_aquatic,Organophosphates_2000m_60d_tox_units_aquatic,Organophosphates_2000m_90d_tox_units_aquatic,Organophosphates_5000m_30d_tox_units_aquatic,Organophosphates_5000m_60d_tox_units_aquatic,Organophosphates_5000m_90d_tox_units_aquatic,Organophosphates_500m_30d_tox_units_aquatic,Organophosphates_500m_60d_tox_units_aquatic,Organophosphates_500m_90d_tox_units_aquatic,Other_neonics_2000m_30d_tox_units_aquatic,Other_neonics_2000m_60d_tox_units_aquatic,Other_neonics_2000m_90d_tox_units_aquatic,Other_neonics_5000m_30d_tox_units_aquatic,Other_neonics_5000m_60d_tox_units_aquatic,Other_neonics_5000m_90d_tox_units_aquatic,Pyrethroids_1000m_30d_tox_units_aquatic,Pyrethroids_1000m_60d_tox_units_aquatic,Pyrethroids_1000m_90d_tox_units_aquatic,Pyrethroids_2000m_30d_tox_units_aquatic,Pyrethroids_2000m_60d_tox_units_aquatic,Pyrethroids_2000m_90d_tox_units_aquatic,Pyrethroids_5000m_30d_tox_units_aquatic,Pyrethroids_5000m_60d_tox_units_aquatic,Pyrethroids_5000m_90d_tox_units_aquatic,Pyrethroids_500m_30d_tox_units_aquatic,Pyrethroids_500m_60d_tox_units_aquatic,Pyrethroids_500m_90d_tox_units_aquatic,Restricted_neonics_1000m_30d_tox_units_aquatic,Restricted_neonics_1000m_60d_tox_units_aquatic,Restricted_neonics_1000m_90d_tox_units_aquatic,Restricted_neonics_2000m_30d_tox_units_aquatic,Restricted_neonics_2000m_60d_tox_units_aquatic,Restricted_neonics_2000m_90d_tox_units_aquatic,Restricted_neonics_5000m_30d_tox_units_aquatic,Restricted_neonics_5000m_60d_tox_units_aquatic,Restricted_neonics_5000m_90d_tox_units_aquatic,Restricted_neonics_500m_30d_tox_units_aquatic,Restricted_neonics_500m_60d_tox_units_aquatic,Restricted_neonics_500m_90d_tox_units_aquatic,Spinosyns_1000m_30d_tox_units_aquatic,Spinosyns_1000m_60d_tox_units_aquatic,Spinosyns_1000m_90d_tox_units_aquatic,Spinosyns_2000m_30d_tox_units_aquatic,Spinosyns_2000m_60d_tox_units_aquatic,Spinosyns_2000m_90d_tox_units_aquatic,Spinosyns_5000m_30d_tox_units_aquatic,Spinosyns_5000m_60d_tox_units_aquatic,Spinosyns_5000m_90d_tox_units_aquatic,Spinosyns_500m_30d_tox_units_aquatic,Spinosyns_500m_60d_tox_units_aquatic,Spinosyns_500m_90d_tox_units_aquatic
BBS_CA_007_RED_BLUFF,2015-05-28,2023-06-10,0.0,0.0,0.0,0.0,0.0,0.0,0.0,0.0,0.0,0.0,0.0,0.0,0.0,0.0,0.0,0.0,0.0,0.0,0.0,0.0,0.0,0.0,0.0,0.0,0.0,0.0,0.0,0.0,0.0,0.0,0.0,0.0,0.0,0.0,0.0,35.746,0.0,0.0,0.0,0.0,0.0,0.0,0.0,0.0,0.0,0.0,0.0,0.0,0.0,0.0,0.0,0.3377,0.3377,0.3377,0.0,0.0,0.0,0.0,0.094,0.094,0.0,0.1102,0.1102,0.0,0.1102,0.1102,0.0,0.0332,0.0332,0.0,0.0,0.0,0.0,0.0,0.0,0.0,0.0,0.0,0.0,0.0,0.0,0.0,0.0,0.0,0.0,0.0,0.0,0.0,0.0,0.0,0.0,0.0,0.0,0.0,0.0,0.0,0.0,0.0,0.0,0.0,0.0,0.0,0.0,0.0,0.0,0.0,0.0,0.0,0.0,0.0,0.0,0.0,0.0,0.0,0.0,0.0,3.262696,0.0,0.0,0.0,0.0,0.0,0.0,0.0,0.0,0.0,0.0,0.0,0.0,0.0,0.0,0.0,0.000188,0.000188,0.000188,0.0,0.0,0.0,0.0,0.003032,0.003032,0.0,0.003554,0.003554,0.0,0.003554,0.003554,0.0,0.00107,0.00107,0.0,0.0,0.0,0.0,0.0,0.0,0.0,0.0,0.0,0.0,0.0,0.0,0.0,0.0,0.0,0.0,0.0,0.0,0.0,0.0,0.0,0.0,0.0,0.0,0.0,0.0,0.0,0.0,0.0,0.0,0.0,0.0,0.0,0.0,0.0,0.0,0.0,0.0,0.0,0.0,0.0,0.0,0.0,0.0,0.0,0.0,0.0,20.33641,0.0,0.0,0.0,0.0,0.0,0.0,0.0,0.0,0.0,0.0,0.0,0.0,0.0,0.0,0.0,3.070036,3.070036,3.070036,0.0,0.0,0.0,0.0,1e-06,1e-06,0.0,1e-06,1e-06,0.0,1e-06,1e-06,0.0,0.0,0.0,0.0,0.0,0.0,0.0,0.0,0.0,0.0,0.0,0.0,0.0,0.0,0.0
BBS_CA_012_PENNINGTON,2015-05-28,2023-06-10,0.0,0.0,0.0,0.0,0.0,0.0,0.0,0.0,0.0,0.0,0.0,0.0,0.0,0.0,0.0,0.0,0.0,0.0,2.995,2.995,2.995,0.0,0.0,0.0,0.0,0.0,0.0,0.0,0.0,0.0,0.0,0.0,0.0,0.063,0.063,56.6631,0.0,0.0,0.0,0.0,0.0,0.0,3.9646,3.9646,3.9646,1.4434,1.4434,1.4434,4.8439,4.8439,4.8439,90.4955,93.3678,99.3161,0.3928,0.3928,0.3928,0.0,0.0,0.0,0.0,0.0,0.0,0.0049,0.0049,0.0049,0.0,0.0,0.0,0.0,0.0,0.0,0.0,0.0,0.0,0.0,0.0,1.625,0.0,0.0,0.0,0.0,0.0,0.0,0.0,0.0,0.0,0.0,0.0,0.0,0.0,0.0,0.0,0.0,0.0,0.0,0.0,0.0,0.0,0.001331,0.001331,0.001331,0.0,0.0,0.0,0.0,0.0,0.0,0.0,0.0,0.0,0.0,0.0,0.0,0.001606,0.001606,1.445486,0.0,0.0,0.0,0.0,0.0,0.0,0.040455,0.040455,0.040455,0.000365,0.000365,0.000365,0.001226,0.001226,0.001226,0.032009,0.033473,0.036106,9.9e-05,9.9e-05,9.9e-05,0.0,0.0,0.0,0.0,0.0,0.0,0.000157,0.000157,0.000157,0.0,0.0,0.0,0.0,0.0,0.0,0.0,0.0,0.0,0.0,0.0,0.000722,0.0,0.0,0.0,0.0,0.0,0.0,0.0,0.0,0.0,0.0,0.0,0.0,0.0,0.0,0.0,0.0,0.0,0.0,0.0,0.0,0.0,0.25819,0.25819,0.25819,0.0,0.0,0.0,0.0,0.0,0.0,0.0,0.0,0.0,0.0,0.0,0.0,0.629513,0.629513,566.630607,0.0,0.0,0.0,0.0,0.0,0.0,8e-05,8e-05,8e-05,6.275836,6.275836,6.275836,21.060511,21.060511,21.060511,361.501055,373.938478,398.375461,1.707747,1.707747,1.707747,0.0,0.0,0.0,0.0,0.0,0.0,0.0,0.0,0.0,0.0,0.0,0.0,0.0,0.0,0.0,0.0,0.0,0.0,0.0,0.0,0.007127,0.0,0.0,0.0
BBS_CA_021_HUGHSON,2015-05-28,2023-06-10,0.0,0.0,0.0,0.0,0.0,0.0,0.0,0.0,0.0,0.0,0.0,0.0,5.1465,5.1465,5.1465,21.9955,24.7482,24.7482,76.2726,96.4896,96.4896,0.9598,0.9598,0.9598,0.0,0.0,0.0,57.0552,57.0552,57.0552,264.3058,264.3058,264.3058,892.854,1046.0026,1114.2625,12.222,12.222,12.222,0.225,0.2271,0.2271,13.937,32.7499,33.7235,13.7028,15.9609,16.2119,70.3075,87.3959,87.9883,362.0116,438.2285,444.9602,2.726,2.8449,2.9195,2.0817,2.2943,2.2943,11.2381,12.8278,12.8278,59.7437,83.8731,88.2116,0.3655,0.4286,0.4286,0.5381,0.6161,3.0987,2.8569,3.1404,11.1765,7.8504,19.5602,85.6853,0.0285,0.0435,0.737,0.0,0.0,0.0,0.0,0.0,0.0,0.0,0.0,0.0,0.0,0.0,0.0,0.002422,0.002422,0.002422,0.010125,0.011501,0.011501,0.036232,0.046329,0.046329,0.000467,0.000467,0.000467,0.0,0.0,0.0,1.408534,1.408534,1.408534,6.632766,6.632766,6.632766,22.578967,26.30987,27.116069,0.297842,0.297842,0.297842,0.002296,0.002317,0.002317,0.142215,0.334183,0.344117,0.009267,0.010333,0.010397,0.047879,0.05632,0.05647,0.232911,0.275023,0.279023,0.001741,0.00179,0.001809,0.067151,0.074008,0.074008,0.36252,0.413801,0.413801,1.927217,2.588263,2.622059,0.01179,0.013827,0.013827,0.000269,0.000308,0.001447,0.001428,0.00157,0.005313,0.003741,0.009346,0.041732,1.4e-05,2.2e-05,0.000341,0.0,0.0,0.0,0.0,0.0,0.0,0.0,0.0,0.0,0.0,0.0,0.0,0.275727,0.275727,0.275727,1.458558,1.505155,1.505155,3.654281,4.006566,4.006566,0.032191,0.032191,0.032191,0.0,0.0,0.0,549.823628,549.823628,549.823628,2594.619137,2594.619137,2594.619137,8815.491462,10269.306336,10599.189682,116.064448,116.064448,116.064448,5e-06,5e-06,5e-06,0.00028,0.000658,0.000677,85.184287,102.762977,103.854092,436.444806,575.275625,577.851095,2271.949859,2819.773815,2840.595592,18.673821,19.480068,19.804108,2.4e-05,2.7e-05,2.7e-05,0.000132,0.000151,0.000151,0.000703,0.00098,0.001025,4e-06,5e-06,5e-06,0.000538,0.000616,0.009313,0.002857,0.003146,0.027938,0.019087,0.046034,0.153403,2.8e-05,4.3e-05,0.002434
BBS_CA_024_CARUTHERS,2015-05-28,2023-06-10,0.0,0.0,0.0,0.0,0.0,0.0,0.0,0.0,0.0,0.0,0.0,0.0,0.0,0.0,0.0,0.0,0.0097,0.0097,1.8745,9.3435,9.3435,0.0,0.0,0.0,0.0,0.0,0.0,0.4558,0.4558,0.4558,8.8211,9.2817,9.2817,41.1054,78.3291,104.9677,0.0,0.0,0.0,0.0,0.0,0.0,0.0,0.0,0.0,0.0,0.406,0.406,0.0,0.7573,0.7573,0.2883,4.3384,4.3384,0.0,0.1113,0.1113,2.0397,2.0723,2.0723,55.533,57.0428,57.0428,527.8331,571.8991,580.0457,0.0,0.0,0.0,0.0,0.0,0.0,0.0016,0.0016,0.0016,0.1147,1.8736,1.8736,0.0,0.0,0.0,0.0,0.0,0.0,0.0,0.0,0.0,0.0,0.0,0.0,0.0,0.0,0.0,0.0,0.0,0.0,0.0,4e-06,4e-06,0.000928,0.004327,0.004327,0.0,0.0,0.0,0.0,0.0,0.0,0.011629,0.011629,0.011629,0.225028,0.236779,0.236779,0.836984,1.581432,2.260989,0.0,0.0,0.0,0.0,0.0,0.0,0.0,0.0,0.0,0.0,0.000226,0.000226,0.0,0.000419,0.000419,0.000171,0.00199,0.00199,0.0,6.2e-05,6.2e-05,0.065796,0.066849,0.066849,1.776293,1.8099,1.8099,16.954168,18.302945,18.565739,0.0,0.0,0.0,0.0,0.0,0.0,1e-06,1e-06,1e-06,5.1e-05,0.000836,0.000836,0.0,0.0,0.0,0.0,0.0,0.0,0.0,0.0,0.0,0.0,0.0,0.0,0.0,0.0,0.0,0.0,0.0,0.0,0.0,0.000833,0.000833,0.042277,0.587127,0.587127,0.0,0.0,0.0,0.0,0.0,0.0,4.558379,4.558379,4.558379,88.211077,92.817468,92.817468,331.232898,626.095523,892.481659,0.0,0.0,0.0,0.0,0.0,0.0,0.0,0.0,0.0,0.0,3.691011,3.691011,0.0,6.863417,6.863417,2.148547,32.086579,32.086579,0.0,1.012247,1.012247,2.4e-05,2.4e-05,2.4e-05,0.00066,0.000684,0.000684,0.006242,0.006793,0.006888,0.0,0.0,0.0,0.0,0.0,0.0,7e-06,7e-06,7e-06,0.000503,0.008044,0.008044,0.0,0.0,0.0
BBS_CA_026_OILFIELDS,2015-05-28,2023-06-10,0.0,0.0,0.0,0.0,0.0,0.0,0.0,73.35,73.35,0.0,0.0,0.0,0.0,0.0,0.0,0.0,0.0,0.0,0.0,0.1052,0.1052,0.0,0.0,0.0,0.0,0.0,0.0,0.0,0.0,0.0,0.0,0.0,0.0,0.0,326.9094,326.9712,0.0,0.0,0.0,0.0,0.0,0.0,0.0,0.0,0.0,0.0,0.0,0.0,0.0,0.2294,0.2294,12.168,61.1866,61.1866,0.0,0.0,0.0,0.0,0.0,0.0,0.0,1.022,1.022,0.0,90.0028,90.0028,0.0,0.0,0.0,0.0,0.0,0.0,0.0,0.0,0.0,10.348,10.348,10.7433,0.0,0.0,0.0,0.0,0.0,0.0,0.0,0.0,0.0,0.0,3.030992,3.030992,0.0,0.0,0.0,0.0,0.0,0.0,0.0,0.0,0.0,0.0,4.7e-05,4.7e-05,0.0,0.0,0.0,0.0,0.0,0.0,0.0,0.0,0.0,0.0,0.0,0.0,0.0,8.339525,8.341103,0.0,0.0,0.0,0.0,0.0,0.0,0.0,0.0,0.0,0.0,0.0,0.0,0.0,5.8e-05,5.8e-05,0.006761,0.021601,0.021601,0.0,0.0,0.0,0.0,0.0,0.0,0.0,0.002377,0.002377,0.0,0.209309,0.209309,0.0,0.0,0.0,0.0,0.0,0.0,0.0,0.0,0.0,0.005174,0.005174,0.005372,0.0,0.0,0.0,0.0,0.0,0.0,0.0,0.0,0.0,0.0,9.651316,9.651316,0.0,0.0,0.0,0.0,0.0,0.0,0.0,0.0,0.0,0.0,0.009066,0.009066,0.0,0.0,0.0,0.0,0.0,0.0,0.0,0.0,0.0,0.0,0.0,0.0,0.0,3269.09361,3269.712497,0.0,0.0,0.0,0.0,0.0,0.0,0.0,0.0,0.0,0.0,0.0,0.0,0.0,0.997312,0.997312,110.602421,361.848902,361.848902,0.0,0.0,0.0,0.0,0.0,0.0,0.0,2.6e-05,2.6e-05,0.0,0.00225,0.00225,0.0,0.0,0.0,0.0,0.0,0.0,0.0,0.0,0.0,0.010348,0.010348,0.010743,0.0,0.0,0.0
BBS_CA_033_BAKERSFIELD,2015-05-28,2023-06-10,0.0,0.0,0.0,0.0,0.0,0.0,23.2715,167.9815,175.3209,0.0,0.0,0.0,0.0,0.0,0.0,2.8546,2.8546,2.8546,27.2555,27.2555,27.2555,0.0,0.0,0.0,0.0,0.0,0.0,0.0,0.0,0.0,0.0,0.0,32.1975,17.1186,17.1186,436.4538,0.0,0.0,0.0,0.0,0.0,0.0,0.0,0.0,0.0,0.0,0.0,0.0,0.0,0.0,0.0514,3.6379,3.9561,4.7385,0.0,0.0,0.0,0.0,0.0,0.0,0.0,0.0,0.0,0.0,0.1324,0.1324,0.0,0.0,0.0,0.0,0.0,0.0,0.0,0.0,0.0,1.7561,1.7561,1.7561,0.0,0.0,0.0,0.0,0.0,0.0,0.0,0.0,0.0,0.011636,0.083991,0.38727,0.0,0.0,0.0,0.0,0.0,0.0,0.001427,0.001427,0.001427,0.013628,0.013628,0.013628,0.0,0.0,0.0,0.0,0.0,0.0,0.0,0.0,0.0,0.0,0.0,0.821364,0.329203,0.329203,11.312378,0.0,0.0,0.0,0.0,0.0,0.0,0.0,0.0,0.0,0.0,0.0,0.0,0.0,0.0,1.3e-05,0.001969,0.002146,0.00244,0.0,0.0,0.0,0.0,0.0,0.0,0.0,0.0,0.0,0.0,0.004272,0.004272,0.0,0.0,0.0,0.0,0.0,0.0,0.0,0.0,0.0,0.00078,0.00078,0.00078,0.0,0.0,0.0,0.0,0.0,0.0,0.0,0.0,0.0,3.115324,22.487486,23.453192,0.0,0.0,0.0,0.0,0.0,0.0,0.047577,0.047577,0.047577,0.454258,0.454258,0.454258,0.0,0.0,0.0,0.0,0.0,0.0,0.0,0.0,0.0,0.0,0.0,321.974556,48.910224,48.910224,4201.269209,0.0,0.0,0.0,0.0,0.0,0.0,0.0,0.0,0.0,0.0,0.0,0.0,0.0,0.0,0.223547,30.14331,33.036579,37.947749,0.0,0.0,0.0,0.0,0.0,0.0,0.0,0.0,0.0,0.0,2e-06,2e-06,0.0,0.0,0.0,0.0,0.0,0.0,0.0,0.0,0.0,0.007702,0.007702,0.007702,0.0,0.0,0.0
BBS_CA_049_PALO_VERDE,2015-05-28,2023-06-10,0.0,0.0,0.0,0.0,0.0,0.0,0.0,0.0,0.0,0.0,0.0,0.0,0.0,0.0,0.0,0.0,0.0,0.0,0.0,0.0,0.0,0.0,0.0,0.0,0.0,0.0,0.0,0.0,0.0,53.8329,0.0,0.0,365.7758,0.0,0.0,1165.6538,0.0,0.0,14.625,0.0,0.0,0.0,0.0,0.0,0.0,0.0,0.0,1.1511,0.0,0.0,19.2742,0.0,0.0,73.8816,0.0,0.0,0.2076,0.0,0.0,0.0,0.0,0.0,0.0,0.0,0.0,0.0,0.0,0.0,0.0,0.0,0.0,0.0,0.0,0.0,0.0,0.0,0.0,0.0,0.0,0.0,0.0,0.0,0.0,0.0,0.0,0.0,0.0,0.0,0.0,0.0,0.0,0.0,0.0,0.0,0.0,0.0,0.0,0.0,0.0,0.0,0.0,0.0,0.0,0.0,0.0,0.0,0.0,0.0,0.0,0.0,16.907444,0.0,0.0,89.567208,0.0,0.0,270.338545,0.0,0.0,4.972278,0.0,0.0,0.0,0.0,0.0,0.0,0.0,0.0,0.000527,0.0,0.0,0.007307,0.0,0.0,0.026618,0.0,0.0,0.000104,0.0,0.0,0.0,0.0,0.0,0.0,0.0,0.0,0.0,0.0,0.0,0.0,0.0,0.0,0.0,0.0,0.0,0.0,0.0,0.0,0.0,0.0,0.0,0.0,0.0,0.0,0.0,0.0,0.0,0.0,0.0,0.0,0.0,0.0,0.0,0.0,0.0,0.0,0.0,0.0,0.0,0.0,0.0,0.0,0.0,0.0,0.0,0.0,0.0,0.0,0.0,0.0,0.0,8.443814,0.0,0.0,39.28724,0.0,0.0,114.416129,0.0,0.0,2.564729,0.0,0.0,0.0,0.0,0.0,0.0,0.0,0.0,4.146205,0.0,0.0,74.953066,0.0,0.0,292.383354,0.0,0.0,0.715756,0.0,0.0,0.0,0.0,0.0,0.0,0.0,0.0,0.0,0.0,0.0,0.0,0.0,0.0,0.0,0.0,0.0,0.0,0.0,0.0,0.0,0.0,0.0,0.0
BBS_CA_054_ORANGE_COVE,2015-05-28,2023-06-10,0.0,0.0,0.0,0.0,0.0,0.0,0.0,0.0,0.0,0.0,0.0,0.0,0.0,0.0298,0.2896,0.0,0.187,1.0902,0.2572,12.2988,14.6229,0.0,0.0073,0.0699,0.0,0.0,0.0,0.0783,0.0783,0.0963,0.6422,1.4859,2.1159,88.0615,97.1746,102.0604,0.0205,0.0205,0.0252,0.0,0.0,0.0,0.043,0.0432,0.0432,0.0657,1.5677,1.6534,0.2364,5.8089,6.0956,1.1639,21.1363,22.0158,0.0163,0.3827,0.4035,0.0,0.0,0.0,0.3265,0.4219,0.4219,3.4183,7.8167,7.8167,0.0,0.0,0.0,0.1672,0.9287,0.9287,0.7321,3.7358,3.7358,4.6966,21.1625,21.2948,0.0412,0.2291,0.2291,0.0,0.0,0.0,0.0,0.0,0.0,0.0,0.0,0.0,0.0,0.0,0.0,0.0,1.3e-05,0.000129,0.0,8.3e-05,0.000485,0.000118,0.00547,0.006503,0.0,3e-06,3.1e-05,0.0,0.0,0.0,0.001998,0.001998,0.002457,0.016383,0.037905,0.053977,2.295142,2.536434,2.66107,0.000523,0.000523,0.000644,0.0,0.0,0.0,0.000439,0.000441,0.000441,3.3e-05,0.001363,0.001429,0.000118,0.005036,0.005254,0.000703,0.0176,0.018118,8e-06,0.000332,0.000348,0.0,0.0,0.0,0.010507,0.013584,0.013584,0.110075,0.25196,0.25196,0.0,0.0,0.0,7.4e-05,0.000413,0.000413,0.000325,0.00166,0.00166,0.002089,0.009407,0.009466,1.8e-05,0.000102,0.000102,0.0,0.0,0.0,0.0,0.0,0.0,0.0,0.0,0.0,0.0,0.0,0.0,0.0,0.00182,0.024221,0.0,0.011605,0.089463,0.01702,0.903634,1.103987,0.0,0.000452,0.005847,0.0,0.0,0.0,0.783285,0.783285,0.963229,6.422167,14.85863,21.158906,873.634966,963.5018,1012.359306,0.205184,0.205184,0.25232,0.0,0.0,0.0,1e-06,1e-06,1e-06,0.284828,3.326426,3.592627,0.99442,12.368011,13.285834,4.070679,50.271981,54.862314,0.071566,0.814434,0.878502,0.0,0.0,0.0,4e-06,5e-06,5e-06,4e-05,9.2e-05,9.2e-05,0.0,0.0,0.0,0.000733,0.004073,0.004073,0.003211,0.016385,0.016385,0.020508,0.092727,0.093307,0.000181,0.001005,0.001005
BBS_CA_055_LAKE_SUCCESS,2015-05-28,2023-06-10,0.0,0.0,0.0,0.0,0.0,0.0,0.0,0.0,0.0,0.0,0.0,0.0,0.0,0.0,0.0,0.0,0.0,0.0,0.0656,0.119,0.119,0.0,0.0,0.0,0.0,0.0,0.0,0.0,0.0,0.0,0.0,0.0,0.0,0.1791,1.2193,1.2193,0.0,0.0,0.0,0.0,0.0,0.0,0.0,0.0,0.0,0.0,0.0002,0.0002,0.0,0.0015,0.0015,0.0048,0.1356,0.136,0.0,0.0,0.0,0.0,0.0,0.0,0.0,0.0,0.0,0.0329,0.0329,0.0329,0.0,0.0,0.0,0.0,0.0,0.0,0.0,0.0,0.0,0.0279,0.1056,0.1056,0.0,0.0,0.0,0.0,0.0,0.0,0.0,0.0,0.0,0.0,0.0,0.0,0.0,0.0,0.0,0.0,0.0,0.0,0.0,0.0,0.0,2.9e-05,5.3e-05,5.3e-05,0.0,0.0,0.0,0.0,0.0,0.0,0.0,0.0,0.0,0.0,0.0,0.0,0.004568,0.031106,0.031106,0.0,0.0,0.0,0.0,0.0,0.0,0.0,0.0,0.0,0.0,0.0,0.0,0.0,1e-06,1e-06,2e-06,0.000121,0.000121,0.0,0.0,0.0,0.0,0.0,0.0,0.0,0.0,0.0,0.001061,0.001061,0.001061,0.0,0.0,0.0,0.0,0.0,0.0,0.0,0.0,0.0,1.2e-05,4.7e-05,4.7e-05,0.0,0.0,0.0,0.0,0.0,0.0,0.0,0.0,0.0,0.0,0.0,0.0,0.0,0.0,0.0,0.0,0.0,0.0,0.0,0.0,0.0,0.003278,0.006168,0.006168,0.0,0.0,0.0,0.0,0.0,0.0,0.0,0.0,0.0,0.0,0.0,0.0,1.790745,12.193419,12.193419,0.0,0.0,0.0,0.0,0.0,0.0,0.0,0.0,0.0,0.0,0.00084,0.00084,0.0,0.005179,0.005179,0.017667,0.271837,0.27454,0.0,3e-06,3e-06,0.0,0.0,0.0,0.0,0.0,0.0,0.0,0.0,0.0,0.0,0.0,0.0,0.0,0.0,0.0,0.0,0.0,0.0,0.000122,0.000463,0.000463,0.0,0.0,0.0
BBS_CA_059_INYOKERN,2015-05-28,2023-06-10,0.0,0.0,0.0,0.0,0.0,0.0,0.0,0.0,0.0,0.0,0.0,0.0,0.0,0.0,0.0,0.0,0.0,0.0,0.0,0.0,0.0,0.0,0.0,0.0,0.0,0.0,0.0,0.0,0.0,0.0,0.0,0.0,0.0,0.0,0.0,0.0,0.0,0.0,0.0,0.0,0.0,0.0,0.0,0.0,0.0,0.0,0.0,0.0,0.0,0.0,0.0,1.4875,1.4875,1.4875,0.0,0.0,0.0,0.0,0.0,0.0,0.0,0.0,0.0,0.0,0.0,0.0,0.0,0.0,0.0,0.0,0.0,0.0,0.0,0.0,0.0,0.0,0.0,0.0,0.0,0.0,0.0,0.0,0.0,0.0,0.0,0.0,0.0,0.0,0.0,0.0,0.0,0.0,0.0,0.0,0.0,0.0,0.0,0.0,0.0,0.0,0.0,0.0,0.0,0.0,0.0,0.0,0.0,0.0,0.0,0.0,0.0,0.0,0.0,0.0,0.0,0.0,0.0,0.0,0.0,0.0,0.0,0.0,0.0,0.0,0.0,0.0,0.0,0.0,0.0,0.0,0.0,0.0,0.000377,0.000377,0.000377,0.0,0.0,0.0,0.0,0.0,0.0,0.0,0.0,0.0,0.0,0.0,0.0,0.0,0.0,0.0,0.0,0.0,0.0,0.0,0.0,0.0,0.0,0.0,0.0,0.0,0.0,0.0,0.0,0.0,0.0,0.0,0.0,0.0,0.0,0.0,0.0,0.0,0.0,0.0,0.0,0.0,0.0,0.0,0.0,0.0,0.0,0.0,0.0,0.0,0.0,0.0,0.0,0.0,0.0,0.0,0.0,0.0,0.0,0.0,0.0,0.0,0.0,0.0,0.0,0.0,0.0,0.0,0.0,0.0,0.0,0.0,0.0,0.0,0.0,0.0,0.0,0.0,0.0,6.46755,6.46755,6.46755,0.0,0.0,0.0,0.0,0.0,0.0,0.0,0.0,0.0,0.0,0.0,0.0,0.0,0.0,0.0,0.0,0.0,0.0,0.0,0.0,0.0,0.0,0.0,0.0,0.0,0.0,0.0
BBS_CA_080_ORLAND,2015-05-28,2023-06-10,0.0,0.0,0.0,0.0,0.0,0.0,0.0,0.0,0.0,0.0,0.0,0.0,0.0,0.0,0.0,0.0,0.0,0.0,0.0,0.0,0.0,0.0,0.0,0.0,0.0,0.0,0.0,0.0,0.0,0.0,0.0,0.0,0.0,0.0,10.1003,42.7486,0.0,0.0,0.0,0.0,0.0,0.0,0.0,0.0,0.0,0.0,0.0,0.0,0.0,0.0,0.0,3.733,12.3485,15.7706,0.0,0.0,0.0,0.0,0.0,0.0,0.0,0.0,0.0,0.0,0.0,0.0,0.0,0.0,0.0,0.0004,0.0004,0.0004,0.0059,0.0059,0.0059,0.9641,0.9641,0.9681,0.0,0.0,0.0,0.0,0.0,0.0,0.0,0.0,0.0,0.0,0.0,0.0,0.0,0.0,0.0,0.0,0.0,0.0,0.0,0.0,0.0,0.0,0.0,0.0,0.0,0.0,0.0,0.0,0.0,0.0,0.0,0.0,0.0,0.0,0.0,0.0,0.0,0.257662,0.348604,0.0,0.0,0.0,0.0,0.0,0.0,0.0,0.0,0.0,0.0,0.0,0.0,0.0,0.0,0.0,0.001475,0.006736,0.00709,0.0,0.0,0.0,0.0,0.0,0.0,0.0,0.0,0.0,0.0,0.0,0.0,0.0,0.0,0.0,0.0,0.0,0.0,3e-06,3e-06,3e-06,0.000433,0.000433,0.000435,0.0,0.0,0.0,0.0,0.0,0.0,0.0,0.0,0.0,0.0,0.0,0.0,0.0,0.0,0.0,0.0,0.0,0.0,0.0,0.0,0.0,0.0,0.0,0.0,0.0,0.0,0.0,0.0,0.0,0.0,0.0,0.0,0.0,0.0,0.0,0.0,0.0,101.003448,147.643827,0.0,0.0,0.0,0.0,0.0,0.0,0.0,0.0,0.0,0.0,0.0,0.0,0.0,0.0,0.0,20.327423,85.666298,91.458103,0.0,0.0,0.0,0.0,0.0,0.0,0.0,0.0,0.0,0.0,0.0,0.0,0.0,0.0,0.0,0.0,0.0,0.0,6e-06,6e-06,6e-06,0.003968,0.003968,0.003972,0.0,0.0,0.0
BBS_CA_089_NILAND,2015-05-28,2023-06-10,0.0,0.0,0.0,0.0,0.0,0.0,13.996,13.996,22.1818,0.0,0.0,0.0,0.0,0.0819,0.0819,0.0,2.0414,2.0414,0.0,3.5933,3.5933,0.0,0.0,0.0,0.0,0.0,0.0,0.0,0.0,18.8665,0.0,0.0,34.5596,0.0,713.0926,747.6523,0.0,0.0,5.2395,0.0,0.0,0.0,0.0,0.0,0.0,0.0991,0.0991,1.262,2.4681,2.4681,5.2289,5.5491,5.5491,10.6722,0.0,0.0,0.323,0.0,0.0,0.0,0.0,0.0,0.0,0.0,0.0,0.0,0.0,0.0,0.0,0.0,0.0,3.4025,0.0,0.0,11.8993,0.0,0.0,47.4977,0.0,0.0,0.888,0.0,0.0,0.0,0.0,0.0,0.0,0.578349,0.578349,0.916602,0.0,0.0,0.0,0.0,3.6e-05,3.6e-05,0.0,0.000907,0.000907,0.0,0.001597,0.001597,0.0,0.0,0.0,0.0,0.0,0.0,0.0,0.0,1.796806,0.0,0.0,3.291392,0.0,18.191139,21.482531,0.0,0.0,0.498996,0.0,0.0,0.0,0.0,0.0,0.0,5e-05,5e-05,0.000344,0.001234,0.001234,0.001933,0.00309,0.00309,0.004387,0.0,0.0,8.2e-05,0.0,0.0,0.0,0.0,0.0,0.0,0.0,0.0,0.0,0.0,0.0,0.0,0.0,0.0,0.001512,0.0,0.0,0.005289,0.0,0.0,0.021286,0.0,0.0,0.000395,0.0,0.0,0.0,0.0,0.0,0.0,1.841584,1.841584,2.918655,0.0,0.0,0.0,0.0,0.004097,0.004097,0.0,0.102069,0.102069,0.0,0.179664,0.179664,0.0,0.0,0.0,0.0,0.0,0.0,0.0,0.0,0.009433,0.0,0.0,0.01728,0.0,7130.926446,7130.943726,0.0,0.0,0.00262,0.0,0.0,0.0,0.0,0.0,0.0,0.341649,0.341649,5.397741,8.510666,8.510666,20.514076,19.442629,19.442629,41.716695,0.0,0.0,1.404142,0.0,0.0,0.0,0.0,0.0,0.0,0.0,0.0,0.0,0.0,0.0,0.0,0.0,0.0,0.014923,0.0,0.0,0.05219,0.0,0.0,0.197616,0.0,0.0,0.003895
BBS_CA_090_BLYTHE,2015-05-28,2023-06-10,0.0,0.0,0.0,0.0,0.0,0.0,12.1274,12.1274,12.1274,0.0,0.0,0.0,0.0,0.0,0.0,0.0,0.0,0.0,2.4592,2.4592,2.4592,0.0,0.0,0.0,0.4737,0.4737,0.4737,0.0,0.0,49.2924,0.0,0.0,164.3477,0.0,23.0883,1139.3511,0.0,0.0,12.1132,0.0,0.0,0.0,0.0,0.0,0.0,0.0,0.0,4.643,0.0,0.0,18.5653,12.5471,12.9168,104.3449,0.0,0.0,1.1551,0.0,0.0,0.0,0.0,0.0,0.0,0.0,0.2436,4.0854,0.0,0.0,0.0,0.0,0.0,0.0,0.0,0.0956,0.0956,0.0,0.9375,0.9375,0.0,0.0,0.0,0.0,0.0,0.0,0.0,0.0,0.0,0.006064,0.006064,0.006064,0.0,0.0,0.0,0.0,0.0,0.0,0.0,0.0,0.0,0.00123,0.00123,0.00123,0.0,0.0,0.0,0.002042,0.002042,0.002042,0.0,0.0,4.694511,0.0,0.0,15.652161,0.0,2.198885,163.764048,0.0,0.0,1.153634,0.0,0.0,0.0,0.0,0.0,0.0,0.0,0.0,0.001237,0.0,0.0,0.004934,0.00128,0.001486,0.031421,0.0,0.0,0.000307,0.0,0.0,0.0,0.0,0.0,0.0,0.0,0.007859,0.131787,0.0,0.0,0.0,0.0,0.0,0.0,0.0,4.2e-05,4.2e-05,0.0,0.000417,0.000417,0.0,0.0,0.0,0.0,0.0,0.0,0.0,0.0,0.0,1.623479,1.623479,1.623479,0.0,0.0,0.0,0.0,0.0,0.0,0.0,0.0,0.0,0.040986,0.040986,0.040986,0.0,0.0,0.0,6e-06,6e-06,6e-06,0.0,0.0,0.024646,0.0,0.0,0.082174,0.0,0.011544,80.632573,0.0,0.0,0.006057,0.0,0.0,0.0,0.0,0.0,0.0,0.0,0.0,19.962007,0.0,0.0,79.865398,20.911766,24.273436,431.014385,0.0,0.0,4.96791,0.0,0.0,0.0,0.0,0.0,0.0,0.0,3e-06,4.8e-05,0.0,0.0,0.0,0.0,0.0,0.0,0.0,0.000419,0.000419,0.0,0.004112,0.004112,0.0,0.0,0.0
BBS_CA_092_ALAMO_RIVER,2015-05-28,2023-06-10,12.0618,37.7301,40.7784,76.8749,234.1469,272.8426,472.6612,1544.0377,1603.4557,2.9134,8.7402,8.7402,3.5746,13.9497,16.8403,16.4396,55.2821,94.5278,124.6736,401.2756,535.4777,0.9715,3.886,3.886,9.2431,9.2431,9.2431,1.5538,18.9952,34.3433,39.2809,67.1222,237.6478,174.5612,365.5322,1641.2689,0.0,5.6328,7.2002,0.0,0.0,0.0,0.0,0.0,0.0,4.6788,12.0775,14.0951,17.5711,60.4517,98.9687,85.1016,309.8663,557.7473,1.3456,3.0016,3.0016,0.0,0.0535,0.0535,0.0,1.1044,1.1811,0.0,2.0401,3.7055,0.0,0.0,0.0,0.0692,2.3089,2.7104,1.4213,10.1627,17.0047,8.3291,60.8576,105.5528,0.0,0.6093,0.6093,0.49842,1.559094,1.685056,3.176648,9.675491,11.274487,19.531455,63.80321,66.2585,0.120388,0.361165,0.361165,0.001724,0.006706,0.008097,0.008034,0.026634,0.045494,0.060357,0.193261,0.257317,0.000467,0.001868,0.001868,0.039841,0.039841,0.039841,0.039637,0.484571,1.407106,0.955865,1.666102,8.11062,4.073651,8.945361,57.975374,0.0,0.143695,0.292965,0.0,0.0,0.0,0.0,0.0,0.0,0.00206,0.004428,0.004838,0.01006,0.028397,0.035314,0.041023,0.132735,0.183421,0.000555,0.000974,0.000974,0.0,0.001727,0.001727,0.0,0.035627,0.038101,0.0,0.06581,0.119531,0.0,0.0,0.0,3.1e-05,0.001026,0.001205,0.000632,0.004517,0.007561,0.003702,0.027614,0.047769,0.0,0.000271,0.000271,1.587075,4.964483,5.365573,10.115116,30.808799,35.90034,62.192264,203.162854,210.981012,0.383342,1.150027,1.150027,0.138379,0.569368,0.684895,0.506546,2.182141,3.79059,4.556365,15.922124,21.969668,0.039822,0.159288,0.159288,0.000119,0.000119,0.000119,15.537876,189.951758,267.283309,340.256721,618.669706,2023.576269,1313.99862,3223.709085,13023.025112,0.0,56.328385,56.329169,0.0,0.0,0.0,0.0,0.0,0.0,30.489908,68.20429,74.323471,87.261562,349.929138,454.188491,403.602779,1712.216274,2452.582749,9.214253,16.413952,16.413952,0.0,1e-06,1e-06,0.0,1.3e-05,1.4e-05,0.0,2.4e-05,4.4e-05,0.0,0.0,0.0,0.000303,0.010127,0.011888,0.006234,0.044533,0.074378,0.036531,0.232394,0.410761,0.0,0.002672,0.002672
BBS_CA_100_WISTER,2015-05-28,2023-06-10,0.0,0.0,0.0,0.0,0.0,0.0,0.0,0.0,0.0,0.0,0.0,0.0,0.0,0.0,0.0,0.0,0.0,0.0,0.2833,0.5457,0.5457,0.0,0.0,0.0,0.0,0.0,0.0,0.0,0.0,0.0,0.0,0.0,0.0,0.0,0.0,0.0,0.0,0.0,0.0,0.0,0.0,0.0,0.0,0.0,0.0,0.0,0.0,0.0,0.0,0.0,0.0738,0.0,0.0,2.3588,0.0,0.0,0.0,0.0,0.0,0.0,0.0,0.0,0.0,0.0,0.0,3.9391,0.0,0.0,0.0,0.0,0.0,0.0,0.0,0.0,0.0,0.0,0.0,0.0,0.0,0.0,0.0,0.0,0.0,0.0,0.0,0.0,0.0,0.0,0.0,0.0,0.0,0.0,0.0,0.0,0.0,0.0,0.0,0.0,0.0,0.000126,0.000243,0.000243,0.0,0.0,0.0,0.0,0.0,0.0,0.0,0.0,0.0,0.0,0.0,0.0,0.0,0.0,0.0,0.0,0.0,0.0,0.0,0.0,0.0,0.0,0.0,0.0,0.0,0.0,0.0,0.0,0.0,8e-06,0.0,0.0,0.000241,0.0,0.0,0.0,0.0,0.0,0.0,0.0,0.0,0.0,0.0,0.0,0.009161,0.0,0.0,0.0,0.0,0.0,0.0,0.0,0.0,0.0,0.0,0.0,0.0,0.0,0.0,0.0,0.0,0.0,0.0,0.0,0.0,0.0,0.0,0.0,0.0,0.0,0.0,0.0,0.0,0.0,0.0,0.0,0.0,0.0,0.024422,0.047046,0.047046,0.0,0.0,0.0,0.0,0.0,0.0,0.0,0.0,0.0,0.0,0.0,0.0,0.0,0.0,0.0,0.0,0.0,0.0,0.0,0.0,0.0,0.0,0.0,0.0,0.0,0.0,0.0,0.0,0.0,0.123013,0.0,0.0,3.931405,0.0,0.0,0.0,0.0,0.0,0.0,0.0,0.0,0.0,0.0,0.0,9.8e-05,0.0,0.0,0.0,0.0,0.0,0.0,0.0,0.0,0.0,0.0,0.0,0.0,0.0,0.0,0.0
BBS_CA_112_PEARBLOSSOM,2015-05-28,2023-06-10,0.0,0.0,0.0,0.0,0.0,0.0,0.0,0.0,0.0,0.0,0.0,0.0,0.0,0.0,0.0,0.0,0.0,0.0,0.0004,0.0004,0.0004,0.0,0.0,0.0,0.0,0.0,0.0,0.0,0.0,0.0,0.0,0.0,0.0,0.0,0.0,0.0,0.0,0.0,0.0,0.0,0.0,0.0,0.0159,0.0159,0.0159,0.0,0.0,0.0,0.0,0.0,0.0,0.0,0.0,0.0,0.0,0.0,0.0,0.0,0.0,0.0,0.0,0.0,0.0,0.0,0.0,0.0,0.0,0.0,0.0,0.0,0.0,0.0,0.0,0.0,0.0,0.0003,0.0003,0.0003,0.0,0.0,0.0,0.0,0.0,0.0,0.0,0.0,0.0,0.0,0.0,0.0,0.0,0.0,0.0,0.0,0.0,0.0,0.0,0.0,0.0,0.0,0.0,0.0,0.0,0.0,0.0,0.0,0.0,0.0,0.0,0.0,0.0,0.0,0.0,0.0,0.0,0.0,0.0,0.0,0.0,0.0,0.0,0.0,0.0,0.000162,0.000162,0.000162,0.0,0.0,0.0,0.0,0.0,0.0,0.0,0.0,0.0,0.0,0.0,0.0,0.0,0.0,0.0,0.0,0.0,0.0,0.0,0.0,0.0,0.0,0.0,0.0,0.0,0.0,0.0,0.0,0.0,0.0,0.0,0.0,0.0,0.0,0.0,0.0,0.0,0.0,0.0,0.0,0.0,0.0,0.0,0.0,0.0,0.0,0.0,0.0,0.0,0.0,0.0,0.0,0.0,0.0,3.7e-05,3.7e-05,3.7e-05,0.0,0.0,0.0,0.0,0.0,0.0,0.0,0.0,0.0,0.0,0.0,0.0,0.0,0.0,0.0,0.0,0.0,0.0,0.0,0.0,0.0,0.0,0.0,0.0,0.0,0.0,0.0,0.0,0.0,0.0,0.0,0.0,0.0,0.0,0.0,0.0,0.0,0.0,0.0,0.0,0.0,0.0,0.0,0.0,0.0,0.0,0.0,0.0,0.0,0.0,0.0,0.0,0.0,0.0,0.0,0.0,0.0,0.0,0.0,0.0
BBS_CA_123_ADELAIDA,2015-05-28,2023-06-10,0.0,0.0,0.0,0.0,0.0,0.0,0.0,0.0,0.0,0.0,0.0,0.0,0.0,0.0,0.0,0.0,0.0,0.0,0.0,0.0,0.0,0.0,0.0,0.0,0.0,0.0,0.0,0.0,0.0,0.0,0.0,0.0,0.0,0.0,0.0,0.0,0.0,0.0,0.0,0.0,0.0,0.0,0.0,0.0,0.0,0.0,0.0,0.0,0.0,0.0,0.0,0.0,0.0,0.0,0.0,0.0,0.0,0.7244,0.7244,0.7244,6.4461,6.4461,6.4461,26.8548,26.8548,26.9506,0.0,0.0,0.0,0.0,0.0,0.0,0.0,0.0,0.0,0.0,0.0,0.0,0.0,0.0,0.0,0.0,0.0,0.0,0.0,0.0,0.0,0.0,0.0,0.0,0.0,0.0,0.0,0.0,0.0,0.0,0.0,0.0,0.0,0.0,0.0,0.0,0.0,0.0,0.0,0.0,0.0,0.0,0.0,0.0,0.0,0.0,0.0,0.0,0.0,0.0,0.0,0.0,0.0,0.0,0.0,0.0,0.0,0.0,0.0,0.0,0.0,0.0,0.0,0.0,0.0,0.0,0.0,0.0,0.0,0.0,0.0,0.0,0.023368,0.023368,0.023368,0.20794,0.20794,0.20794,0.866283,0.866283,0.869374,0.0,0.0,0.0,0.0,0.0,0.0,0.0,0.0,0.0,0.0,0.0,0.0,0.0,0.0,0.0,0.0,0.0,0.0,0.0,0.0,0.0,0.0,0.0,0.0,0.0,0.0,0.0,0.0,0.0,0.0,0.0,0.0,0.0,0.0,0.0,0.0,0.0,0.0,0.0,0.0,0.0,0.0,0.0,0.0,0.0,0.0,0.0,0.0,0.0,0.0,0.0,0.0,0.0,0.0,0.0,0.0,0.0,0.0,0.0,0.0,0.0,0.0,0.0,0.0,0.0,0.0,0.0,0.0,0.0,0.0,0.0,0.0,9e-06,9e-06,9e-06,7.6e-05,7.6e-05,7.6e-05,0.000316,0.000316,0.000317,0.0,0.0,0.0,0.0,0.0,0.0,0.0,0.0,0.0,0.0,0.0,0.0,0.0,0.0,0.0
BBS_CA_125_MARICOPA,2015-05-28,2023-06-10,0.0,0.0,0.0,0.0,0.0,0.0,0.0,0.0,0.0,0.0,0.0,0.0,0.0,0.0,0.0,0.0,0.0,0.0,0.0556,0.2188,0.3507,0.0,0.0,0.0,0.0,0.0,0.0,0.0,0.0,0.0,0.0,0.0,0.0,0.8073,8.8422,9.3416,0.0,0.0,0.0,0.0,0.0,0.0,0.0,0.0,0.0,0.0,0.0,0.0,0.0,0.01,0.01,0.1064,0.5639,2.4122,0.0,0.0,0.0,0.0,0.0,0.0,0.0,0.0,0.0,20.3661,21.4526,22.0114,0.0,0.0,0.0,0.0,0.0,0.0,0.003,0.0612,0.0612,3.4779,14.2937,14.2937,0.0,0.0,0.0,0.0,0.0,0.0,0.0,0.0,0.0,0.0,0.0,0.0,0.0,0.0,0.0,0.0,0.0,0.0,0.0,0.0,0.0,2.5e-05,9.7e-05,0.000156,0.0,0.0,0.0,0.0,0.0,0.0,0.0,0.0,0.0,0.0,0.0,0.0,0.002307,0.20728,0.220018,0.0,0.0,0.0,0.0,0.0,0.0,0.0,0.0,0.0,0.0,0.0,0.0,0.0,5e-06,5e-06,2.8e-05,0.000256,0.001954,0.0,0.0,0.0,0.0,0.0,0.0,0.0,0.0,0.0,0.656971,0.69202,0.710047,0.0,0.0,0.0,0.0,0.0,0.0,1e-06,2.7e-05,2.7e-05,0.001725,0.007058,0.007058,0.0,0.0,0.0,0.0,0.0,0.0,0.0,0.0,0.0,0.0,0.0,0.0,0.0,0.0,0.0,0.0,0.0,0.0,0.0,0.0,0.0,0.002779,0.010939,0.022309,0.0,0.0,0.0,0.0,0.0,0.0,0.0,0.0,0.0,0.0,0.0,0.0,1.2e-05,80.349608,85.343079,0.0,0.0,0.0,0.0,0.0,0.0,0.0,0.0,0.0,0.0,0.0,0.0,0.0,0.034427,0.034427,0.459781,2.889806,6.377213,0.0,0.0,0.0,0.0,0.0,0.0,0.0,0.0,0.0,0.00024,0.000252,0.000259,0.0,0.0,0.0,0.0,0.0,0.0,1.3e-05,0.000268,0.000268,0.004315,0.019688,0.019688,0.0,0.0,0.0
BBS_CA_127_SANGER,2015-05-28,2023-06-10,0.0,0.0,0.0,0.0,0.0,0.0,0.0,1.0467,4.8382,0.0,0.0,0.0,0.2169,0.217,0.217,2.7314,2.732,2.732,6.3812,6.4233,8.2063,0.0,0.0,0.0,0.0,0.0,0.0,0.0,0.0,0.0,0.0,0.0004,0.0004,0.6483,41.9186,49.9041,0.0,0.0,0.0,0.0,0.0,0.0,0.0,0.0,0.0,0.0,0.552,0.552,0.0,6.4388,6.4388,0.7382,45.6586,46.1749,0.0,0.0,0.0,0.0001,0.0001,0.0001,0.001,0.001,0.001,17.0237,18.4177,18.4177,0.0,0.0,0.0,0.0,0.0,0.0006,0.0001,0.132,0.139,1.1968,8.8267,10.0635,0.0,0.0,0.0,0.0,0.0,0.0,0.0,0.0,0.0,0.0,0.000523,0.157196,0.0,0.0,0.0,9.6e-05,9.6e-05,9.6e-05,0.001214,0.001215,0.001215,0.002876,0.002894,0.003687,0.0,0.0,0.0,0.0,0.0,0.0,0.0,0.0,0.0,0.0,1e-05,1e-05,0.011981,1.008158,1.211871,0.0,0.0,0.0,0.0,0.0,0.0,0.0,0.0,0.0,0.0,0.000113,0.000113,0.0,0.001473,0.001473,0.000338,0.010698,0.010865,0.0,0.0,0.0,2e-06,2e-06,2e-06,3.1e-05,3.1e-05,3.1e-05,0.549151,0.561353,0.561353,0.0,0.0,0.0,0.0,0.0,0.0,0.0,5.9e-05,6.2e-05,0.000581,0.003976,0.004525,0.0,0.0,0.0,0.0,0.0,0.0,0.0,0.0,0.0,0.0,0.140117,0.638997,0.0,0.0,0.0,0.01868,0.018683,0.018683,0.235049,0.235107,0.235107,0.500516,0.504141,0.657846,0.0,0.0,0.0,0.0,0.0,0.0,0.0,0.0,0.0,0.0,0.003744,0.003744,6.3e-05,390.808104,470.663678,0.0,0.0,0.0,0.0,0.0,0.0,0.0,0.0,0.0,0.0,1.841183,1.841183,0.0,23.877739,23.877739,4.438023,169.683586,172.299489,0.0,0.0,0.0,0.0,0.0,0.0,0.0,0.0,0.0,0.0002,0.000231,0.000231,0.0,0.0,0.0,0.0,0.0,2e-06,1e-06,0.000579,0.000609,0.002264,0.035499,0.040923,0.0,0.0,0.0
BBS_CA_147_ARVIN,2015-05-28,2023-06-10,0.0,0.0,10.5154,0.0473,0.142,34.1641,0.4219,13.2238,56.9953,0.0,0.0,2.6384,0.7694,1.2806,1.2806,2.524,4.6546,4.6546,7.2914,14.1416,14.1416,0.1911,0.3194,0.3194,0.0,0.0,0.0,15.1916,47.6848,87.1414,64.0319,170.1583,298.7397,176.83,287.7892,423.6773,3.77,11.8335,21.6819,0.0,0.0,0.0,2.1012,2.1012,2.1012,0.9801,1.813,1.8588,3.2837,7.9013,8.081,8.6333,116.8038,117.4132,0.2442,0.4509,0.4624,7.1852,8.9495,12.0495,24.0904,34.5874,44.6664,42.9226,153.3281,218.6114,1.7937,2.2362,3.014,1.818,3.3048,3.3537,6.4867,11.8228,11.9809,40.5106,73.6748,75.3912,0.4528,0.8242,0.8364,0.0,0.0,0.005258,0.001956,0.005869,0.02288,0.017433,2.645225,5.077301,0.0,0.0,0.001319,0.000342,0.000569,0.000569,0.001122,0.002069,0.002069,0.003407,0.006452,0.006452,8.5e-05,0.000142,0.000142,0.0,0.0,0.0,0.387542,1.21645,2.222996,1.606888,4.314194,7.594332,4.274123,7.112153,10.578687,0.096173,0.301876,0.553111,0.0,0.0,0.0,0.021441,0.021441,0.021441,0.000884,0.001347,0.001359,0.002951,0.005516,0.005561,0.006507,0.069511,0.069714,0.00022,0.000335,0.000338,0.231781,0.235884,0.335886,0.777111,0.944782,1.26991,1.384601,4.36228,6.465095,0.057863,0.058892,0.083983,0.000909,0.001631,0.001655,0.003243,0.005834,0.005913,0.020239,0.03654,0.037398,0.000226,0.000407,0.000413,0.0,0.0,1.407683,0.006229,0.018688,4.573181,0.05551,0.760168,5.622539,0.0,0.0,0.353199,0.066328,0.110401,0.110401,0.217589,0.40126,0.40126,0.420335,1.010875,1.010875,0.016475,0.027536,0.027536,0.0,0.0,0.0,151.916318,476.848478,871.414415,630.293719,1691.557722,2977.371717,1678.964756,2787.489154,4146.37035,37.699722,118.335248,216.819476,0.0,0.0,0.0,4.2e-05,4.2e-05,4.2e-05,1.907689,9.479116,9.678273,6.550382,48.529147,49.310179,37.271504,961.602649,965.016985,0.475505,2.354439,2.404591,8.5e-05,0.000129,0.000165,0.000283,0.000482,0.000601,0.000505,0.002061,0.002829,2.1e-05,3.2e-05,4.1e-05,0.001818,0.004632,0.00468,0.006487,0.016565,0.016723,0.041529,0.09181,0.093527,0.000453,0.001153,0.001166
BBS_CA_148_GLENN,2015-05-28,2023-06-10,0.0,0.0,0.0,0.0,0.0,0.0,0.0,0.0,0.0,0.0,0.0,0.0,0.0,0.0,0.0,0.0,0.0,0.0,0.0,0.0,0.0,0.0,0.0,0.0,0.0,0.0,0.0,0.0,0.0,0.0,0.0,0.0,0.0,0.0,0.0,18.0073,0.0,0.0,0.0,0.0,0.0,0.0,0.0,0.0,0.0,0.0,0.0,0.0,0.0,0.0,0.0,7.6943,7.8166,8.8823,0.0,0.0,0.0,0.0,0.0,0.0,0.0,0.0,0.0,0.0,0.0,0.0,0.0,0.0,0.0,0.0,0.0,0.0,0.0,0.0,0.0,0.0,0.0,0.0,0.0,0.0,0.0,0.0,0.0,0.0,0.0,0.0,0.0,0.0,0.0,0.0,0.0,0.0,0.0,0.0,0.0,0.0,0.0,0.0,0.0,0.0,0.0,0.0,0.0,0.0,0.0,0.0,0.0,0.0,0.0,0.0,0.0,0.0,0.0,0.0,0.0,0.0,0.354603,0.0,0.0,0.0,0.0,0.0,0.0,0.0,0.0,0.0,0.0,0.0,0.0,0.0,0.0,0.0,0.001948,0.001979,0.002191,0.0,0.0,0.0,0.0,0.0,0.0,0.0,0.0,0.0,0.0,0.0,0.0,0.0,0.0,0.0,0.0,0.0,0.0,0.0,0.0,0.0,0.0,0.0,0.0,0.0,0.0,0.0,0.0,0.0,0.0,0.0,0.0,0.0,0.0,0.0,0.0,0.0,0.0,0.0,0.0,0.0,0.0,0.0,0.0,0.0,0.0,0.0,0.0,0.0,0.0,0.0,0.0,0.0,0.0,0.0,0.0,0.0,0.0,0.0,0.0,0.0,0.0,140.55647,0.0,0.0,0.0,0.0,0.0,0.0,0.0,0.0,0.0,0.0,0.0,0.0,0.0,0.0,0.0,33.453537,33.985254,37.600756,0.0,0.0,0.0,0.0,0.0,0.0,0.0,0.0,0.0,0.0,0.0,0.0,0.0,0.0,0.0,0.0,0.0,0.0,0.0,0.0,0.0,0.0,0.0,0.0,0.0,0.0,0.0
BBS_CA_149_ATWATER,2015-05-28,2023-06-10,0.0,0.0,0.0,0.0,0.0,0.0,104.12,149.5834,149.5834,0.0,0.0,0.0,0.0,0.0,0.0,0.0,0.0,0.0,0.0,0.0,0.0,0.0,0.0,0.0,0.0,0.0,0.0,0.0,0.0,0.0,0.0,0.0,27.7077,0.0,0.0,385.0634,0.0,0.0,0.0,0.0,0.0,0.0,0.0,0.0,0.0,0.0,0.0,0.0,1.1334,1.1334,1.7455,54.6543,57.3368,65.0439,0.0,0.0,0.0,0.0,0.0,0.0,0.0,0.0,0.0,78.7207,113.0704,113.0704,0.0,0.0,0.0,0.0,0.0,0.0,0.0,0.0,0.0,0.1653,0.1653,0.1653,0.0,0.0,0.0,0.0,0.0,0.0,0.0,0.0,0.0,0.05206,0.074792,0.074792,0.0,0.0,0.0,0.0,0.0,0.0,0.0,0.0,0.0,0.0,0.0,0.0,0.0,0.0,0.0,0.0,0.0,0.0,0.0,0.0,0.0,0.0,0.0,0.07718,0.0,0.0,1.492552,0.0,0.0,0.0,0.0,0.0,0.0,0.0,0.0,0.0,0.0,0.0,0.0,0.00063,0.00063,0.000936,0.032683,0.033362,0.037216,0.0,0.0,0.0,0.0,0.0,0.0,0.0,0.0,0.0,2.539378,3.647431,3.647431,0.0,0.0,0.0,0.0,0.0,0.0,0.0,0.0,0.0,7.3e-05,7.3e-05,7.3e-05,0.0,0.0,0.0,0.0,0.0,0.0,0.0,0.0,0.0,13.938426,20.024547,20.024547,0.0,0.0,0.0,0.0,0.0,0.0,0.0,0.0,0.0,0.0,0.0,0.0,0.0,0.0,0.0,0.0,0.0,0.0,0.0,0.0,0.0,0.0,0.0,39.582445,0.0,0.0,567.3806,0.0,0.0,0.0,0.0,0.0,0.0,0.0,0.0,0.0,0.0,0.0,0.0,10.303904,10.303904,12.414518,436.390877,448.053879,474.629982,0.0,0.0,0.0,0.0,0.0,0.0,0.0,0.0,0.0,0.000926,0.00133,0.00133,0.0,0.0,0.0,0.0,0.0,0.0,0.0,0.0,0.0,0.000725,0.000725,0.000725,0.0,0.0,0.0
BBS_CA_150_BRAWLEY,2015-05-28,2023-06-10,0.0,0.0,0.0,17.8869,17.8869,17.8869,115.8824,115.8824,115.8824,0.0,0.0,0.0,0.0,0.0,0.0,1.4842,1.4842,1.4842,15.9479,15.9479,15.9479,0.0,0.0,0.0,0.0,0.0,0.0,0.0,0.0,0.0,8.5602,8.5602,57.5671,243.2575,243.2575,613.8217,0.0,0.0,0.0,0.0,0.0,0.0,0.0,0.0,0.0,0.0,0.0,0.0,0.6872,0.6872,2.8748,15.583,16.4047,41.2244,0.0,0.0,0.0,0.0,0.0,0.0,0.0,0.0,0.0,0.0,0.0,5.3898,0.0,0.0,0.0,0.0,0.0,0.0,0.0,0.0,0.0,0.0,0.0,0.3973,0.0,0.0,0.0,0.0,0.0,0.0,0.73913,0.73913,0.73913,4.788527,4.788527,4.788527,0.0,0.0,0.0,0.0,0.0,0.0,0.00066,0.00066,0.00066,0.007088,0.007088,0.007088,0.0,0.0,0.0,0.0,0.0,0.0,0.0,0.0,0.0,0.16462,0.16462,4.831937,4.678029,4.678029,39.656829,0.0,0.0,0.0,0.0,0.0,0.0,0.0,0.0,0.0,0.0,0.0,0.0,0.000409,0.000409,0.000963,0.008861,0.009069,0.015365,0.0,0.0,0.0,0.0,0.0,0.0,0.0,0.0,0.0,0.0,0.0,0.173864,0.0,0.0,0.0,0.0,0.0,0.0,0.0,0.0,0.0,0.0,0.0,0.000199,0.0,0.0,0.0,0.0,0.0,0.0,2.353544,2.353544,2.353544,15.247679,15.247679,15.247679,0.0,0.0,0.0,0.0,0.0,0.0,0.127948,0.127948,0.127948,1.374822,1.374822,1.374822,0.0,0.0,0.0,0.0,0.0,0.0,0.0,0.0,0.0,24.457799,24.457799,24.482302,695.02148,695.02148,725.280117,0.0,0.0,0.0,0.0,0.0,0.0,0.0,0.0,0.0,0.0,0.0,0.0,2.690483,2.690483,12.201797,61.53169,65.1042,170.950773,0.0,0.0,0.0,0.0,0.0,0.0,0.0,0.0,0.0,0.0,0.0,6.3e-05,0.0,0.0,0.0,0.0,0.0,0.0,0.0,0.0,0.0,0.0,0.0,0.000397,0.0,0.0,0.0
BBS_CA_155_WESTLEY,2015-05-28,2023-06-10,0.0,0.0,0.0,0.0,0.0,0.0,0.0,0.0,0.0,0.0,0.0,0.0,11.3253,11.3253,11.3253,37.8669,37.8669,37.8669,159.6815,162.1315,162.1315,3.4329,3.4329,3.4329,0.0,0.0,0.0,0.0,4.3212,4.3212,0.0,59.0271,59.0271,0.0,97.2374,140.2597,0.0,0.0,0.0,0.0,0.0,0.0,0.0,0.0,0.0,2.5431,8.502,8.502,8.8638,32.3505,33.8974,28.1623,86.1676,99.5661,0.8741,2.8401,2.8401,6.8489,6.8489,6.8489,21.6444,21.6444,21.6444,91.9657,92.3073,92.3073,1.7615,1.7615,1.7615,0.0108,0.0108,0.0108,0.4307,0.656,0.8361,2.7592,23.0605,31.4292,0.0,0.0,0.0,0.0,0.0,0.0,0.0,0.0,0.0,0.0,0.0,0.0,0.0,0.0,0.0,0.005185,0.005185,0.005185,0.017466,0.017466,0.017466,0.07755,0.078639,0.078639,0.001586,0.001586,0.001586,0.0,0.0,0.0,0.0,0.031297,0.031297,0.0,0.597445,0.597445,0.0,1.678177,4.948204,0.0,0.0,0.0,0.0,0.0,0.0,0.0,0.0,0.0,0.001551,0.005757,0.005757,0.006545,0.015801,0.016397,0.016947,0.0491,0.055875,0.000486,0.002118,0.002118,0.220931,0.220931,0.220931,0.698205,0.698205,0.698205,2.966637,2.975025,2.975025,0.056821,0.056821,0.056821,5e-06,5e-06,5e-06,0.000196,0.000308,0.000398,0.001351,0.011502,0.015686,0.0,0.0,0.0,0.0,0.0,0.0,0.0,0.0,0.0,0.0,0.0,0.0,0.0,0.0,0.0,0.786212,0.786212,0.786212,2.468198,2.468198,2.468198,5.528409,5.739616,5.739616,0.220141,0.220141,0.220141,0.0,0.0,0.0,0.0,13.437852,13.437852,0.0,247.654774,247.654774,0.0,367.623311,486.290346,0.0,0.0,0.0,0.0,0.0,0.0,0.0,0.0,0.0,19.404471,37.388055,37.388055,34.869782,138.272486,144.739353,107.362268,314.39551,368.369355,7.946492,12.294888,12.294888,8.1e-05,8.1e-05,8.1e-05,0.000255,0.000255,0.000255,0.001082,0.001086,0.001086,2.1e-05,2.1e-05,2.1e-05,4.7e-05,4.7e-05,4.7e-05,0.001639,0.001865,0.002045,0.004483,0.024785,0.033153,0.0,0.0,0.0
BBS_CA_166_DORRIS,2015-05-28,2023-06-10,0.0,0.0,0.0,0.0,0.0,0.0,0.0,0.0,0.0,0.0,0.0,0.0,0.0,0.0,0.0,0.0,0.0,0.0,0.2842,0.2842,0.2842,0.0,0.0,0.0,0.0,0.0,0.0,0.0,0.0,0.0,0.0,0.0,0.0,6.327,6.327,6.327,0.0,0.0,0.0,0.0,0.0,0.0,0.0,0.0,0.0,0.0,0.0,0.0,0.0,0.0,0.0,0.2992,0.2992,0.2992,0.0,0.0,0.0,0.0,0.0,0.0,0.0,0.0,0.0,0.0136,0.0136,0.0136,0.0,0.0,0.0,0.0,0.0,0.0,0.0,0.0,0.0,0.0,0.0,0.0,0.0,0.0,0.0,0.0,0.0,0.0,0.0,0.0,0.0,0.0,0.0,0.0,0.0,0.0,0.0,0.0,0.0,0.0,0.0,0.0,0.0,0.000126,0.000126,0.000126,0.0,0.0,0.0,0.0,0.0,0.0,0.0,0.0,0.0,0.0,0.0,0.0,0.161402,0.161402,0.161402,0.0,0.0,0.0,0.0,0.0,0.0,0.0,0.0,0.0,0.0,0.0,0.0,0.0,0.0,0.0,7.6e-05,7.6e-05,7.6e-05,0.0,0.0,0.0,0.0,0.0,0.0,0.0,0.0,0.0,0.000438,0.000438,0.000438,0.0,0.0,0.0,0.0,0.0,0.0,0.0,0.0,0.0,0.0,0.0,0.0,0.0,0.0,0.0,0.0,0.0,0.0,0.0,0.0,0.0,0.0,0.0,0.0,0.0,0.0,0.0,0.0,0.0,0.0,0.0,0.0,0.0,0.024499,0.024499,0.024499,0.0,0.0,0.0,0.0,0.0,0.0,0.0,0.0,0.0,0.0,0.0,0.0,63.269514,63.269514,63.269514,0.0,0.0,0.0,0.0,0.0,0.0,0.0,0.0,0.0,0.0,0.0,0.0,0.0,0.0,0.0,1.300776,1.300776,1.300776,0.0,0.0,0.0,0.0,0.0,0.0,0.0,0.0,0.0,0.0,0.0,0.0,0.0,0.0,0.0,0.0,0.0,0.0,0.0,0.0,0.0,0.0,0.0,0.0,0.0,0.0,0.0
BBS_CA_168_MACDOEL,2015-05-28,2023-06-10,0.0,0.0,0.0,0.0,0.0,0.0,0.0,0.0,0.0,0.0,0.0,0.0,0.0,0.0,0.0,0.0,0.0,0.0,0.0,0.0,0.0,0.0,0.0,0.0,0.0,0.0,0.0,7.2148,7.2148,7.2148,36.0018,36.0018,36.0018,153.4479,153.4479,153.4479,0.6341,0.6341,0.6341,0.0,0.0,0.0,0.0,0.0,0.0,0.3665,0.3665,0.3665,1.829,1.829,1.829,11.4569,11.4569,11.4569,0.0322,0.0322,0.0322,0.0,0.0,0.0,0.0,0.0,0.0,0.0,0.0,0.0,0.0,0.0,0.0,0.0,0.0,0.0,0.0,0.0,0.0,0.0,0.0,0.0,0.0,0.0,0.0,0.0,0.0,0.0,0.0,0.0,0.0,0.0,0.0,0.0,0.0,0.0,0.0,0.0,0.0,0.0,0.0,0.0,0.0,0.0,0.0,0.0,0.0,0.0,0.0,0.0,0.0,0.0,0.184052,0.184052,0.184052,0.918414,0.918414,0.918414,8.225749,8.225749,8.225749,0.016176,0.016176,0.016176,0.0,0.0,0.0,0.0,0.0,0.0,9.3e-05,9.3e-05,9.3e-05,0.000463,0.000463,0.000463,0.0029,0.0029,0.0029,8e-06,8e-06,8e-06,0.0,0.0,0.0,0.0,0.0,0.0,0.0,0.0,0.0,0.0,0.0,0.0,0.0,0.0,0.0,0.0,0.0,0.0,0.0,0.0,0.0,0.0,0.0,0.0,0.0,0.0,0.0,0.0,0.0,0.0,0.0,0.0,0.0,0.0,0.0,0.0,0.0,0.0,0.0,0.0,0.0,0.0,0.0,0.0,0.0,0.0,0.0,0.0,0.0,0.0,0.0,72.148443,72.148443,72.148443,360.018231,360.018231,360.018231,916.212159,916.212159,916.212159,6.340839,6.340839,6.340839,0.0,0.0,0.0,0.0,0.0,0.0,1.593657,1.593657,1.593657,7.952294,7.952294,7.952294,49.812554,49.812554,49.812554,0.14006,0.14006,0.14006,0.0,0.0,0.0,0.0,0.0,0.0,0.0,0.0,0.0,0.0,0.0,0.0,0.0,0.0,0.0,0.0,0.0,0.0,0.0,0.0,0.0,0.0,0.0,0.0
BBS_CA_171_TRANQUILLITY,2015-05-28,2023-06-10,2.2686,2.2686,2.2686,40.7747,40.7747,40.7747,124.2,124.2,338.8929,0.0,0.0,0.0,0.0,0.0483,0.0483,0.0,1.0283,1.0283,14.9889,25.3524,25.3524,0.0,0.0,0.0,0.0,0.0,0.0,123.5931,123.6591,123.6591,614.1778,615.5823,615.5823,2677.9806,2754.0497,2754.0497,31.0539,31.0539,31.0539,0.0,0.0,0.0,0.0,0.0,0.0,0.004,0.004,0.004,0.4431,0.4431,0.9479,95.1937,128.1297,153.1574,0.0,0.0,0.0,0.5615,1.7126,1.8229,5.3186,31.2006,38.3059,160.9103,384.4594,510.639,0.1165,0.1165,0.1165,0.0,0.0,0.0,0.0337,0.0337,0.0337,20.678,20.678,20.678,0.0,0.0,0.0,0.093745,0.093745,0.093745,1.684906,1.684906,1.684906,5.132231,5.132231,5.239578,0.0,0.0,0.0,0.0,2.1e-05,2.1e-05,0.0,0.000457,0.000457,0.007262,0.011868,0.011868,0.0,0.0,0.0,0.0,0.0,0.0,3.268565,3.274852,3.274852,16.611637,16.745391,16.745391,70.699855,73.573753,73.573753,0.815271,0.815271,0.815271,0.0,0.0,0.0,0.0,0.0,0.0,1e-06,1e-06,1e-06,0.00022,0.00022,0.000335,0.047895,0.056874,0.060061,0.0,0.0,0.0,0.000975,0.038107,0.041665,0.009234,0.844138,1.073339,4.385663,11.047174,15.117485,0.000202,0.000202,0.000202,0.0,0.0,0.0,1.5e-05,1.5e-05,1.5e-05,0.00919,0.00919,0.00919,0.0,0.0,0.0,0.298504,0.298504,0.298504,5.365096,5.365096,5.365096,16.342105,16.342105,45.082791,0.0,0.0,0.0,0.0,0.004167,0.004167,0.0,0.088649,0.088649,0.540639,1.434044,1.434044,0.0,0.0,0.0,0.0,0.0,0.0,178.9731,178.973133,178.973133,877.121967,877.122669,877.122669,3374.064133,4000.904432,4000.904432,45.157964,45.157964,45.157964,0.0,0.0,0.0,0.0,0.0,0.0,0.017379,0.017379,0.017379,3.624577,3.624577,5.857418,787.127669,934.654249,1052.275146,0.0,0.0,0.0,6e-06,1.9e-05,2e-05,5.3e-05,0.000358,0.000441,0.001847,0.004445,0.005929,1e-06,1e-06,1e-06,0.0,0.0,0.0,0.000148,0.000148,0.000148,0.090693,0.090693,0.090693,0.0,0.0,0.0
BBS_CA_173_LOCKWOOD,2015-05-28,2023-06-10,0.0,0.0,0.0,0.0,0.0,0.0,0.0,0.0,0.0,0.0,0.0,0.0,0.0,0.0,0.0,0.0,0.0,0.0,0.0,0.0,0.0,0.0,0.0,0.0,0.0,0.0,0.0,0.0,0.0,0.0,0.0,0.0,0.0,0.0,0.0,0.0,0.0,0.0,0.0,0.0,0.0,0.0,0.0,0.0,0.0,0.0,0.0,0.0,0.0,0.0,0.0,0.0,0.0,0.0,0.0,0.0,0.0,0.0,0.0,0.0,0.0,0.0,0.0,4.1569,17.039,17.039,0.0,0.0,0.0,0.0,0.0,0.0,0.0,0.0,0.0,0.0,0.0,0.0,0.0,0.0,0.0,0.0,0.0,0.0,0.0,0.0,0.0,0.0,0.0,0.0,0.0,0.0,0.0,0.0,0.0,0.0,0.0,0.0,0.0,0.0,0.0,0.0,0.0,0.0,0.0,0.0,0.0,0.0,0.0,0.0,0.0,0.0,0.0,0.0,0.0,0.0,0.0,0.0,0.0,0.0,0.0,0.0,0.0,0.0,0.0,0.0,0.0,0.0,0.0,0.0,0.0,0.0,0.0,0.0,0.0,0.0,0.0,0.0,0.0,0.0,0.0,0.0,0.0,0.0,0.134092,0.549645,0.549645,0.0,0.0,0.0,0.0,0.0,0.0,0.0,0.0,0.0,0.0,0.0,0.0,0.0,0.0,0.0,0.0,0.0,0.0,0.0,0.0,0.0,0.0,0.0,0.0,0.0,0.0,0.0,0.0,0.0,0.0,0.0,0.0,0.0,0.0,0.0,0.0,0.0,0.0,0.0,0.0,0.0,0.0,0.0,0.0,0.0,0.0,0.0,0.0,0.0,0.0,0.0,0.0,0.0,0.0,0.0,0.0,0.0,0.0,0.0,0.0,0.0,0.0,0.0,0.0,0.0,0.0,0.0,0.0,0.0,0.0,0.0,0.0,0.0,0.0,0.0,0.0,0.0,0.0,4.9e-05,0.0002,0.0002,0.0,0.0,0.0,0.0,0.0,0.0,0.0,0.0,0.0,0.0,0.0,0.0,0.0,0.0,0.0
BBS_CA_186_MARK_WEST,2015-05-28,2023-06-10,0.0,0.0,0.0,0.0,0.0,0.0,0.0,0.0,0.0,0.0,0.0,0.0,0.0,0.0,0.0,0.0,0.0,0.0,0.0,0.0,0.0,0.0,0.0,0.0,0.0,0.0,0.0,0.0,0.0,0.0,0.0,0.0,0.0,0.0,0.0,0.0,0.0,0.0,0.0,0.0,0.0,0.0,0.0,0.0,0.0,0.0,0.0,0.0,0.0,0.0,0.0,0.0,0.0,0.0,0.0,0.0,0.0,0.0,0.0,0.0,0.0,0.0,0.0,0.0,10.7816,10.7816,0.0,0.0,0.0,0.0,0.0,0.0,0.0,0.0,0.0,0.0,0.0,0.0,0.0,0.0,0.0,0.0,0.0,0.0,0.0,0.0,0.0,0.0,0.0,0.0,0.0,0.0,0.0,0.0,0.0,0.0,0.0,0.0,0.0,0.0,0.0,0.0,0.0,0.0,0.0,0.0,0.0,0.0,0.0,0.0,0.0,0.0,0.0,0.0,0.0,0.0,0.0,0.0,0.0,0.0,0.0,0.0,0.0,0.0,0.0,0.0,0.0,0.0,0.0,0.0,0.0,0.0,0.0,0.0,0.0,0.0,0.0,0.0,0.0,0.0,0.0,0.0,0.0,0.0,0.0,0.347793,0.347793,0.0,0.0,0.0,0.0,0.0,0.0,0.0,0.0,0.0,0.0,0.0,0.0,0.0,0.0,0.0,0.0,0.0,0.0,0.0,0.0,0.0,0.0,0.0,0.0,0.0,0.0,0.0,0.0,0.0,0.0,0.0,0.0,0.0,0.0,0.0,0.0,0.0,0.0,0.0,0.0,0.0,0.0,0.0,0.0,0.0,0.0,0.0,0.0,0.0,0.0,0.0,0.0,0.0,0.0,0.0,0.0,0.0,0.0,0.0,0.0,0.0,0.0,0.0,0.0,0.0,0.0,0.0,0.0,0.0,0.0,0.0,0.0,0.0,0.0,0.0,0.0,0.0,0.0,0.0,0.000127,0.000127,0.0,0.0,0.0,0.0,0.0,0.0,0.0,0.0,0.0,0.0,0.0,0.0,0.0,0.0,0.0
BBS_CA_187_ZAMORA,2015-05-28,2023-06-10,16.2527,29.8595,73.9307,56.2015,98.3275,229.5243,135.863,307.5424,441.5424,3.6881,7.4544,19.2505,0.0,0.0,0.0,0.0,5.2594,5.2594,0.4557,40.3812,40.3812,0.0,0.0,0.0,0.0,0.0,0.0,0.0,0.0,0.0,0.0,0.0,0.0,0.0,0.0,0.0,0.0,0.0,0.0,0.0,0.4775,0.4775,0.0,4.218,4.218,2.7247,3.3101,3.3101,11.3509,13.4394,14.116,49.0235,72.233,88.6538,0.5988,0.761,0.761,0.0,9.7588,22.1785,0.0,28.5955,69.5846,1.453,31.5282,104.9107,0.0,2.6747,5.9989,0.0,0.0,0.0,0.0,0.0,0.0,0.2394,0.2394,0.2394,0.0,0.0,0.0,0.008126,0.01493,0.036965,0.028101,0.142741,0.20834,18.936917,19.849408,19.916408,0.001844,0.003727,0.009625,0.0,0.0,0.0,0.0,0.00263,0.00263,0.000203,0.020165,0.020165,0.0,0.0,0.0,0.0,0.0,0.0,0.0,0.0,0.0,0.0,0.0,0.0,0.0,0.0,0.0,0.0,0.0,0.0,0.0,0.004872,0.004872,0.0,0.043041,0.043041,0.00069,0.000838,0.000838,0.002874,0.003448,0.003619,0.01354,0.025731,0.029888,0.000152,0.000193,0.000193,0.0,0.314799,0.715435,0.0,0.922435,2.244663,0.015631,0.958146,3.325324,0.0,0.08628,0.193514,0.0,0.0,0.0,0.0,0.0,0.0,0.000106,0.000106,0.000106,0.0,0.0,0.0,2.175724,3.997258,9.897013,7.523627,13.157732,30.7209,10.380336,33.316479,51.254899,0.493728,0.997917,2.577039,0.0,0.0,0.0,0.0,0.087657,0.087657,0.039282,0.704708,0.704708,0.0,0.0,0.0,0.0,0.0,0.0,0.0,0.0,0.0,0.0,0.0,0.0,0.0,0.0,0.0,0.0,0.0,0.0,0.0,1e-05,1e-05,0.0,8.5e-05,8.5e-05,11.846662,14.391687,14.391687,49.351594,58.374699,61.316384,230.017608,322.936539,394.331267,2.603568,3.30859,3.30859,0.0,0.000115,0.000261,0.0,0.000336,0.000819,1.5e-05,0.000368,0.001231,0.0,3.1e-05,7.1e-05,0.0,0.0,0.0,0.0,0.0,0.0,0.00105,0.00105,0.00105,0.0,0.0,0.0
BBS_CA_196_ORA_LOMA,2015-05-28,2023-06-10,0.0,0.0,0.0,0.0,0.0,0.7596,52.656,251.3272,376.6552,0.0,0.0,0.0,0.0,0.0,0.0,0.0,0.0,0.0,0.0,0.0,0.0,0.0,0.0,0.0,0.0,0.0,0.0,0.0,0.0,0.0,2.3183,2.3183,2.3183,27.2286,27.2286,174.0293,0.0,0.0,0.0,0.0,0.5829,1.3112,27.187,72.9778,100.5718,0.0,23.1986,26.2623,2.3293,96.8428,108.0846,96.0056,266.4423,289.9559,0.0,4.5528,5.2694,0.0,0.0,0.0,0.1245,4.5248,4.5248,77.6706,218.3307,218.8289,0.0,0.0,0.0,0.0,0.0,0.0,0.5256,0.5256,0.5256,14.7727,25.5242,32.5512,0.0,0.0,0.0,0.0,0.0,0.0,0.0,0.0,0.00038,0.026328,2.137452,2.200116,0.0,0.0,0.0,0.0,0.0,0.0,0.0,0.0,0.0,0.0,0.0,0.0,0.0,0.0,0.0,0.0,0.0,0.0,0.0,0.0,0.0,0.220787,0.220787,0.220787,2.593197,2.593197,5.273978,0.0,0.0,0.0,0.0,0.005948,0.013379,0.277419,0.744672,1.026243,0.0,0.013304,0.01408,0.000794,0.054487,0.057333,0.040173,0.127811,0.133764,0.0,0.002648,0.002829,0.0,0.0,0.0,0.000216,0.142163,0.142163,2.104401,6.634907,6.650976,0.0,0.0,0.0,0.0,0.0,0.0,0.000234,0.000234,0.000234,0.006566,0.011344,0.014467,0.0,0.0,0.0,0.0,0.0,0.0,0.0,0.0,0.101684,7.048997,33.532028,50.309535,0.0,0.0,0.0,0.0,0.0,0.0,0.0,0.0,0.0,0.0,0.0,0.0,0.0,0.0,0.0,0.0,0.0,0.0,0.0,0.0,0.0,0.001159,0.001159,0.001159,0.013614,0.013614,1066.644351,0.0,0.0,0.0,0.0,1.2e-05,2.6e-05,0.000546,0.001465,0.00202,0.0,128.544183,141.864383,9.68904,549.469833,598.347135,621.094274,1447.328272,1549.561313,0.0,22.453636,25.56927,0.0,0.0,0.0,1e-06,5.3e-05,5.3e-05,0.000891,0.002545,0.002551,0.0,0.0,0.0,0.0,0.0,0.0,0.002305,0.002305,0.002305,0.064793,0.111948,0.142768,0.0,0.0,0.0
BBS_CA_197_TIPTON,2015-05-28,2023-06-10,0.0,0.0,0.0,0.0,0.0,0.0,0.0,0.0,0.0,0.0,0.0,0.0,0.0,0.0,0.0,0.0,0.0,0.0,1.7771,7.2794,7.2794,0.0,0.0,0.0,0.0,0.0,0.0,0.0,8.1289,18.0184,0.3219,25.875,61.3697,12.5179,181.2998,324.6864,0.0,2.0933,4.6301,0.0,0.0,0.0,0.0,0.0,0.0,0.0,0.0,0.7249,0.0,0.0,2.2788,1.08,3.1098,7.8501,0.0,0.0,0.1865,0.4679,0.4679,0.4679,1.4662,1.4662,1.4662,3.9731,4.0132,4.0132,0.12,0.12,0.12,0.3107,0.3107,0.3107,0.9647,0.9647,0.9647,0.9913,0.9915,0.9915,0.0803,0.0803,0.0803,0.0,0.0,0.0,0.0,0.0,0.0,0.0,0.0,0.0,0.0,0.0,0.0,0.0,0.0,0.0,0.0,0.0,0.0,0.000877,0.003323,0.003323,0.0,0.0,0.0,0.0,0.0,0.0,0.0,0.20737,4.602703,0.008212,0.660076,14.750802,0.319334,4.626302,24.47702,0.0,0.053401,1.180874,0.0,0.0,0.0,0.0,0.0,0.0,0.0,0.0,7.4e-05,0.0,0.0,0.000235,0.000289,0.000726,0.001574,0.0,0.0,1.9e-05,0.015094,0.015094,0.015094,0.047298,0.047298,0.047298,0.054438,0.05573,0.05573,0.003872,0.003872,0.003872,0.000154,0.000154,0.000154,0.000479,0.000479,0.000479,0.000492,0.000492,0.000492,4e-05,4e-05,4e-05,0.0,0.0,0.0,0.0,0.0,0.0,0.0,0.0,0.0,0.0,0.0,0.0,0.0,0.0,0.0,0.0,0.0,0.0,0.043546,0.517884,0.517884,0.0,0.0,0.0,0.0,0.0,0.0,0.0,81.289165,83.761539,3.218936,258.7496,282.512173,125.179004,1812.97992,2530.895698,0.0,20.93309,21.567294,0.0,0.0,0.0,0.0,0.0,0.0,0.0,0.0,1.208112,0.0,0.0,3.839404,4.640321,12.107454,26.472761,0.0,0.0,0.310789,6e-06,6e-06,6e-06,1.7e-05,1.7e-05,1.7e-05,7.9e-05,8e-05,8e-05,1e-06,1e-06,1e-06,0.000376,0.000376,0.000376,0.001174,0.001174,0.001174,0.001208,0.001208,0.001208,9.7e-05,9.7e-05,9.7e-05
BBS_CA_204_ATHLONE,2015-05-28,2023-06-10,0.0,0.0,0.0,0.0,0.0,0.0,0.0,0.0,0.0,0.0,0.0,0.0,2.0714,3.5253,3.5253,6.8093,11.9604,11.9604,7.0739,17.9744,19.7383,0.505,0.8748,0.8748,0.0,0.0,0.0,0.0,0.0,63.5235,0.0,0.0,284.2085,0.0,0.0,1884.8238,0.0,0.0,16.0805,0.0,0.0,0.0,0.0,0.0,0.0,0.0,0.0,2.2643,0.0,0.0,10.1966,277.6772,360.8985,429.8997,0.0,0.0,0.5733,0.0,0.0,0.0,8.1668,8.1668,13.221,103.5355,111.3866,174.6099,0.0,0.0,0.0,0.0,0.0,0.0,0.0,0.0,0.0,3.2413,3.2413,3.2413,0.0,0.0,0.0,0.0,0.0,0.0,0.0,0.0,0.0,0.0,0.0,0.0,0.0,0.0,0.0,0.001036,0.001763,0.001763,0.003405,0.00598,0.00598,0.003537,0.008987,0.009869,0.000253,0.000437,0.000437,0.0,0.0,0.0,0.0,0.0,1.620497,0.0,0.0,7.548811,0.0,0.0,55.750239,0.0,0.0,0.410216,0.0,0.0,0.0,0.0,0.0,0.0,0.0,0.0,0.000573,0.0,0.0,0.002581,0.153803,0.198141,0.21561,0.0,0.0,0.000145,0.0,0.0,0.0,0.263444,0.263444,0.426483,3.339855,3.593115,5.632578,0.0,0.0,0.0,0.0,0.0,0.0,0.0,0.0,0.0,0.001441,0.001441,0.001441,0.0,0.0,0.0,0.0,0.0,0.0,0.0,0.0,0.0,0.0,0.0,0.0,0.0,0.0,0.0,0.034524,0.058755,0.058755,0.113488,0.19934,0.19934,0.117898,0.299573,0.328972,0.008417,0.01458,0.01458,0.0,0.0,0.0,0.0,0.0,635.23468,0.0,0.0,2799.264839,0.0,0.0,17705.569279,0.0,0.0,160.804846,0.0,0.0,0.0,0.0,0.0,0.0,0.0,0.0,9.844971,0.0,0.0,44.333259,2517.09124,3240.138745,3540.144146,0.0,0.0,2.492425,0.0,0.0,0.0,9.6e-05,9.6e-05,0.000156,0.001218,0.00131,0.002054,0.0,0.0,0.0,0.0,0.0,0.0,0.0,0.0,0.0,0.014216,0.014216,0.014216,0.0,0.0,0.0
BBS_CA_245_BUENA_VISTA,2015-05-28,2023-06-10,0.0,0.0,0.0,0.0,0.0,0.0,0.0,0.0,1.7005,0.0,0.0,0.0,0.0724,0.0724,0.0724,1.6173,1.6173,1.6173,7.4606,7.4722,7.4722,0.0,0.0,0.0,0.0,0.0,0.0,0.0,74.8438,80.3471,0.0,335.5103,345.82,3.2763,820.6203,855.3773,0.0,18.4137,19.9315,0.0,0.0,0.0,0.0,0.0,0.0,0.0122,1.2086,1.6447,0.0863,2.4608,3.3081,6.0679,77.4157,81.5853,0.0025,0.3266,0.4447,0.0,0.0009,0.0009,0.8451,0.867,0.867,25.0386,25.4417,25.4417,0.0,0.0,0.0,0.0092,0.0092,0.0092,0.2131,0.2131,0.2131,0.3797,0.3881,0.3931,0.0,0.0,0.0,0.0,0.0,0.0,0.0,0.0,0.0,0.0,0.0,0.07027,0.0,0.0,0.0,3.4e-05,3.4e-05,3.4e-05,0.000769,0.000769,0.000769,0.003661,0.003666,0.003666,0.0,0.0,0.0,0.0,0.0,0.0,0.0,1.909282,2.049672,0.0,8.558935,8.821938,0.083579,20.934163,21.820819,0.0,0.469737,0.508456,0.0,0.0,0.0,0.0,0.0,0.0,7e-06,0.000671,0.000782,4.4e-05,0.001363,0.001578,0.00323,0.04232,0.043376,1e-06,0.000181,0.000211,0.0,2.8e-05,2.8e-05,0.02726,0.027969,0.027969,0.265276,0.273875,0.273875,0.0,0.0,0.0,4e-06,4e-06,4e-06,9.5e-05,9.5e-05,9.5e-05,0.000169,0.000172,0.000175,0.0,0.0,0.0,0.0,0.0,0.0,0.0,0.0,0.0,0.0,0.0,0.223753,0.0,0.0,0.0,0.003366,0.003366,0.003366,0.076781,0.076781,0.076781,0.211177,0.212179,0.212179,0.0,0.0,0.0,0.0,0.0,0.0,0.0,748.438384,803.471461,0.0,3355.102704,3458.199524,32.762921,8206.192304,8553.761538,0.0,184.136761,199.314733,0.0,0.0,0.0,0.0,0.0,0.0,0.094483,10.970731,12.866518,0.395427,21.978329,25.662039,52.169829,674.707969,692.836879,0.022806,2.969178,3.482746,0.0,0.0,0.0,1e-05,1e-05,1e-05,0.000534,0.000541,0.000541,0.0,0.0,0.0,4.1e-05,4.1e-05,4.1e-05,0.000935,0.000935,0.000935,0.001665,0.001702,0.001724,0.0,0.0,0.0
BBS_CA_252_Hollister_2,2015-05-28,2023-06-10,0.0,0.0,0.0,0.0,0.0,0.0,0.0,0.0,0.0,0.0,0.0,0.0,0.0,0.0,0.0,0.0,0.0,0.0,0.0,0.0,0.0,0.0,0.0,0.0,0.0,0.0,0.0,0.0,0.0,0.0,0.0,0.0,0.0,0.0,0.0,0.0,0.0,0.0,0.0,0.0,0.0,0.0,0.0,0.0,0.0,0.0,0.0,0.0,0.0,0.0,0.0,0.0,0.0,0.0,0.0,0.0,0.0,0.0,0.0,0.0,0.0,0.0,0.0,0.0,0.0,0.0,0.0,0.0,0.0,0.0,0.0,0.0,0.0,0.0,0.0,0.2595,0.8435,0.8435,0.0,0.0,0.0,0.0,0.0,0.0,0.0,0.0,0.0,0.0,0.0,0.0,0.0,0.0,0.0,0.0,0.0,0.0,0.0,0.0,0.0,0.0,0.0,0.0,0.0,0.0,0.0,0.0,0.0,0.0,0.0,0.0,0.0,0.0,0.0,0.0,0.0,0.0,0.0,0.0,0.0,0.0,0.0,0.0,0.0,0.0,0.0,0.0,0.0,0.0,0.0,0.0,0.0,0.0,0.0,0.0,0.0,0.0,0.0,0.0,0.0,0.0,0.0,0.0,0.0,0.0,0.0,0.0,0.0,0.0,0.0,0.0,0.0,0.0,0.0,0.0,0.0,0.0,0.00013,0.000422,0.000422,0.0,0.0,0.0,0.0,0.0,0.0,0.0,0.0,0.0,0.0,0.0,0.0,0.0,0.0,0.0,0.0,0.0,0.0,0.0,0.0,0.0,0.0,0.0,0.0,0.0,0.0,0.0,0.0,0.0,0.0,0.0,0.0,0.0,0.0,0.0,0.0,0.0,0.0,0.0,0.0,0.0,0.0,0.0,0.0,0.0,0.0,0.0,0.0,0.0,0.0,0.0,0.0,0.0,0.0,0.0,0.0,0.0,0.0,0.0,0.0,0.0,0.0,0.0,0.0,0.0,0.0,0.0,0.0,0.0,0.0,0.0,0.0,0.0,0.0,0.0,0.0,0.0,0.0,0.00026,0.000844,0.000844,0.0,0.0,0.0
BBS_CA_302_GLEN_ELLEN_2,2015-05-28,2023-06-10,0.0,0.0,0.0,0.0,0.0,0.0,0.0,0.0,0.0,0.0,0.0,0.0,0.0,0.0,0.0,0.0,0.0,0.0,0.0,0.0,0.0,0.0,0.0,0.0,0.0,0.0,0.0,0.0,0.0,0.0,0.0,0.0,0.0,0.0,0.0,0.0,0.0,0.0,0.0,0.0,0.0,0.0,0.0,0.0,0.0,0.0,0.0,0.0,0.0,0.0,0.0,0.0,0.6375,0.8625,0.0,0.0,0.0,0.0,0.0,0.0,0.0,0.0,0.0,0.4749,2.152,2.152,0.0,0.0,0.0,0.0,0.0,0.0,0.0,0.0,0.0,0.0136,0.2296,0.417,0.0,0.0,0.0,0.0,0.0,0.0,0.0,0.0,0.0,0.0,0.0,0.0,0.0,0.0,0.0,0.0,0.0,0.0,0.0,0.0,0.0,0.0,0.0,0.0,0.0,0.0,0.0,0.0,0.0,0.0,0.0,0.0,0.0,0.0,0.0,0.0,0.0,0.0,0.0,0.0,0.0,0.0,0.0,0.0,0.0,0.0,0.0,0.0,0.0,0.0,0.0,0.0,0.0,0.0,0.0,0.000319,0.000431,0.0,0.0,0.0,0.0,0.0,0.0,0.0,0.0,0.0,0.001104,0.050465,0.050465,0.0,0.0,0.0,0.0,0.0,0.0,0.0,0.0,0.0,7e-06,0.000115,0.000208,0.0,0.0,0.0,0.0,0.0,0.0,0.0,0.0,0.0,0.0,0.0,0.0,0.0,0.0,0.0,0.0,0.0,0.0,0.0,0.0,0.0,0.0,0.0,0.0,0.0,0.0,0.0,0.0,0.0,0.0,0.0,0.0,0.0,0.0,0.0,0.0,0.0,0.0,0.0,0.0,0.0,0.0,0.0,0.0,0.0,0.0,0.0,0.0,0.0,0.0,0.0,0.0,0.0,0.0,0.0,3.984375,5.390625,0.0,0.0,0.0,0.0,0.0,0.0,0.0,0.0,0.0,1.2e-05,3.4e-05,3.4e-05,0.0,0.0,0.0,0.0,0.0,0.0,0.0,0.0,0.0,1.4e-05,0.00023,0.000417,0.0,0.0,0.0
BBS_CA_320_COLLEGEVILLE_2,2015-05-28,2023-06-10,0.0,0.0,0.0,0.0,0.0,0.0,5.5926,5.5926,5.5926,0.0,0.0,0.0,7.8619,7.8619,7.8619,32.0355,32.0355,32.0355,50.1068,61.8284,61.8284,1.8437,1.8437,1.8437,0.0,0.0,0.0,0.0,0.0,0.0,0.0,0.0,14.9005,0.0,77.9757,481.1565,0.0,0.0,0.0,0.0,0.0,0.0,8.8865,8.8865,8.8865,10.7488,10.7488,22.5308,33.4119,33.4119,52.0123,57.3417,96.5845,119.7414,2.7023,2.7023,7.2853,26.3067,31.9047,31.9047,76.2029,89.587,89.587,112.1624,126.1324,126.1324,6.5606,8.7381,8.7381,0.0,0.0,0.0,0.0,0.0,0.0,4.0179,10.7953,10.9302,0.0,0.0,0.0,0.0,0.0,0.0,0.0,0.0,0.0,0.231101,0.231101,0.231101,0.0,0.0,0.0,0.003931,0.003931,0.003931,0.016018,0.016018,0.016018,0.024807,0.030668,0.030668,0.000922,0.000922,0.000922,0.0,0.0,0.0,0.0,0.0,0.0,0.0,0.0,1.419092,0.0,1.989177,25.205311,0.0,0.0,0.0,0.0,0.0,0.0,0.090679,0.090679,0.090679,0.005972,0.005972,0.007174,0.017402,0.017402,0.0193,0.026779,0.052947,0.055999,0.001501,0.001501,0.001969,0.486992,0.49671,0.49671,1.683844,1.70708,1.70708,2.299002,2.323256,2.323256,0.078997,0.082777,0.082777,0.0,0.0,0.0,0.0,0.0,0.0,0.001895,0.005016,0.005076,0.0,0.0,0.0,0.0,0.0,0.0,0.0,0.0,0.0,0.735875,0.735875,0.735875,0.0,0.0,0.0,0.131032,0.131032,0.131032,0.533924,0.533924,0.533924,1.142917,1.338276,1.338276,0.030728,0.030728,0.030728,0.0,0.0,0.0,0.0,0.0,0.0,0.0,0.0,0.00745,0.0,779.75739,2615.781086,0.0,0.0,0.0,0.0,0.0,0.0,0.000178,0.000178,0.000178,97.716553,97.716553,117.353193,285.545452,285.545452,316.547511,413.828302,598.635561,649.447965,24.566434,24.566434,32.204776,0.000289,0.000345,0.000345,0.000852,0.000986,0.000986,0.001243,0.001383,0.001383,7e-05,9.1e-05,9.1e-05,0.0,0.0,0.0,0.0,0.0,0.0,0.010973,0.034049,0.034641,0.0,0.0,0.0
BBS_CA_352_STATEN_IS.,2015-05-28,2023-06-10,0.0,0.0,0.0,0.0,0.0,0.0,9.8723,9.8723,9.8723,0.0,0.0,0.0,0.0,0.0,0.0,0.0,0.0,0.0,0.0,0.0,0.0,0.0,0.0,0.0,0.0,0.0,0.0,0.0,0.0,0.0,0.0,0.0,0.0,0.0,0.0,0.0,0.0,0.0,0.0,0.0,0.0,0.0,0.0,0.0,0.0,0.0,0.0,0.0,0.0,0.0,0.0,0.0,0.0,0.0,0.0,0.0,0.0,0.0,0.0,0.0,0.0,0.0,0.0,0.0,0.0,0.0,0.0,0.0,0.0,0.0,0.0,0.0,0.0,0.0,0.0,0.0,0.0,0.0,0.0,0.0,0.0,0.0,0.0,0.0,0.0,0.0,0.0,0.136185,0.136185,0.136185,0.0,0.0,0.0,0.0,0.0,0.0,0.0,0.0,0.0,0.0,0.0,0.0,0.0,0.0,0.0,0.0,0.0,0.0,0.0,0.0,0.0,0.0,0.0,0.0,0.0,0.0,0.0,0.0,0.0,0.0,0.0,0.0,0.0,0.0,0.0,0.0,0.0,0.0,0.0,0.0,0.0,0.0,0.0,0.0,0.0,0.0,0.0,0.0,0.0,0.0,0.0,0.0,0.0,0.0,0.0,0.0,0.0,0.0,0.0,0.0,0.0,0.0,0.0,0.0,0.0,0.0,0.0,0.0,0.0,0.0,0.0,0.0,0.0,0.0,0.0,0.0,0.0,0.0,1.267283,1.267283,1.267283,0.0,0.0,0.0,0.0,0.0,0.0,0.0,0.0,0.0,0.0,0.0,0.0,0.0,0.0,0.0,0.0,0.0,0.0,0.0,0.0,0.0,0.0,0.0,0.0,0.0,0.0,0.0,0.0,0.0,0.0,0.0,0.0,0.0,0.0,0.0,0.0,0.0,0.0,0.0,0.0,0.0,0.0,0.0,0.0,0.0,0.0,0.0,0.0,0.0,0.0,0.0,0.0,0.0,0.0,0.0,0.0,0.0,0.0,0.0,0.0,0.0,0.0,0.0,0.0,0.0,0.0,0.0,0.0,0.0,0.0,0.0,0.0
BBS_CA_420_PLACERVILLE,2015-05-28,2023-06-10,0.0,0.0,0.0,0.0,0.0,0.0,0.0,12.0149,12.0149,0.0,0.0,0.0,0.0,0.0,0.0,0.0,0.0,0.0,0.1936,0.1936,0.1936,0.0,0.0,0.0,0.0,0.0,0.0,0.0,0.0,0.0,0.0,0.0,0.0,0.0,0.0,0.7245,0.0,0.0,0.0,0.0,0.0,0.0,0.0,0.0,0.0,0.0,0.0,0.0,0.0,0.0,0.0,0.0007,0.0007,0.0007,0.0,0.0,0.0,0.0,0.0,0.0,0.0,0.0,0.0,0.0,0.0,0.0,0.0,0.0,0.0,0.0,0.0,0.0,0.0,0.0,0.0,0.0,0.0,0.0,0.0,0.0,0.0,0.0,0.0,0.0,0.0,0.0,0.0,0.0,0.006007,0.006007,0.0,0.0,0.0,0.0,0.0,0.0,0.0,0.0,0.0,8.6e-05,8.6e-05,8.6e-05,0.0,0.0,0.0,0.0,0.0,0.0,0.0,0.0,0.0,0.0,0.0,0.0,0.0,0.0,0.502995,0.0,0.0,0.0,0.0,0.0,0.0,0.0,0.0,0.0,0.0,0.0,0.0,0.0,0.0,0.0,0.0,0.0,0.0,0.0,0.0,0.0,0.0,0.0,0.0,0.0,0.0,0.0,0.0,0.0,0.0,0.0,0.0,0.0,0.0,0.0,0.0,0.0,0.0,0.0,0.0,0.0,0.0,0.0,0.0,0.0,0.0,0.0,0.0,0.0,0.0,0.0,0.0,1.608424,1.608424,0.0,0.0,0.0,0.0,0.0,0.0,0.0,0.0,0.0,0.016691,0.016691,0.016691,0.0,0.0,0.0,0.0,0.0,0.0,0.0,0.0,0.0,0.0,0.0,0.0,0.0,0.0,0.726374,0.0,0.0,0.0,0.0,0.0,0.0,0.0,0.0,0.0,0.0,0.0,0.0,0.0,0.0,0.0,0.00656,0.00656,0.00656,0.0,0.0,0.0,0.0,0.0,0.0,0.0,0.0,0.0,0.0,0.0,0.0,0.0,0.0,0.0,0.0,0.0,0.0,0.0,0.0,0.0,0.0,0.0,0.0,0.0,0.0,0.0
BBS_CA_503_Tracy_2,2015-05-28,2023-06-10,0.0,0.0,0.0,0.0,0.0,0.0,0.0,0.0,0.0,0.0,0.0,0.0,0.0,0.0,0.0,0.0,0.0,0.0,0.0,0.0,0.0,0.0,0.0,0.0,0.0,0.0,0.0,0.0,0.0,0.0,0.0,0.0,0.0,0.0,0.0,0.0,0.0,0.0,0.0,0.0,0.0,0.0,0.0,0.0,0.0,0.6258,0.6258,0.6258,0.6291,0.6291,0.6291,24.7011,28.6437,28.6437,0.2482,0.2482,0.2482,36.1715,36.1715,36.1715,92.0794,92.0794,92.0794,162.3701,162.3701,162.3701,9.5704,9.5704,9.5704,0.0,0.0,0.0,0.0,0.0,0.0,0.0,0.0,0.0,0.0,0.0,0.0,0.0,0.0,0.0,0.0,0.0,0.0,0.0,0.0,0.0,0.0,0.0,0.0,0.0,0.0,0.0,0.0,0.0,0.0,0.0,0.0,0.0,0.0,0.0,0.0,0.0,0.0,0.0,0.0,0.0,0.0,0.0,0.0,0.0,0.0,0.0,0.0,0.0,0.0,0.0,0.0,0.0,0.0,0.0,0.0,0.0,0.000158,0.000158,0.000158,0.000159,0.000159,0.000159,0.002616,0.003614,0.003614,6.3e-05,6.3e-05,6.3e-05,1.166824,1.166824,1.166824,2.92891,2.92891,2.92891,4.921343,4.921343,4.921343,0.308721,0.308721,0.308721,0.0,0.0,0.0,0.0,0.0,0.0,0.0,0.0,0.0,0.0,0.0,0.0,0.0,0.0,0.0,0.0,0.0,0.0,0.0,0.0,0.0,0.0,0.0,0.0,0.0,0.0,0.0,0.0,0.0,0.0,0.0,0.0,0.0,0.0,0.0,0.0,0.0,0.0,0.0,0.0,0.0,0.0,0.0,0.0,0.0,0.0,0.0,0.0,0.0,0.0,0.0,0.0,0.0,0.0,0.0,0.0,0.0,2.721005,2.721005,2.721005,2.735405,2.735405,2.735405,42.855341,59.997174,59.997174,1.079307,1.079307,1.079307,0.000426,0.000426,0.000426,0.001081,0.001081,0.001081,0.001892,0.001892,0.001892,0.000113,0.000113,0.000113,0.0,0.0,0.0,0.0,0.0,0.0,0.0,0.0,0.0,0.0,0.0,0.0
BBS_CA_901_GAZELLE,2015-05-28,2023-06-10,0.0,0.0,0.0,0.0,0.0,0.0,0.0,0.0,0.0,0.0,0.0,0.0,0.0,0.0,0.0,0.0,0.0,0.0,0.0,0.0,0.0,0.0,0.0,0.0,0.0,0.0,0.0,0.0,0.0,0.0,0.0,0.0,0.0,0.0,0.0,0.0,0.0,0.0,0.0,0.0,0.0,0.0,0.0,0.0,0.0,0.0,0.3418,0.3418,0.0,2.0818,2.0818,3.3004,13.4018,13.4018,0.0,0.0573,0.0573,0.0,0.0,0.0,0.0,0.0,0.0,0.0,0.0,0.0,0.0,0.0,0.0,0.0,0.0,0.0,0.0,0.0,0.0,0.0,0.0,0.0,0.0,0.0,0.0,0.0,0.0,0.0,0.0,0.0,0.0,0.0,0.0,0.0,0.0,0.0,0.0,0.0,0.0,0.0,0.0,0.0,0.0,0.0,0.0,0.0,0.0,0.0,0.0,0.0,0.0,0.0,0.0,0.0,0.0,0.0,0.0,0.0,0.0,0.0,0.0,0.0,0.0,0.0,0.0,0.0,0.0,0.0,0.0,0.0,0.0,0.000171,0.000171,0.0,0.001041,0.001041,0.001996,0.007046,0.007046,0.0,2.9e-05,2.9e-05,0.0,0.0,0.0,0.0,0.0,0.0,0.0,0.0,0.0,0.0,0.0,0.0,0.0,0.0,0.0,0.0,0.0,0.0,0.0,0.0,0.0,0.0,0.0,0.0,0.0,0.0,0.0,0.0,0.0,0.0,0.0,0.0,0.0,0.0,0.0,0.0,0.0,0.0,0.0,0.0,0.0,0.0,0.0,0.0,0.0,0.0,0.0,0.0,0.0,0.0,0.0,0.0,0.0,0.0,0.0,0.0,0.0,0.0,0.0,0.0,0.0,0.0,0.0,0.0,0.0,0.0,0.0,0.0,0.0,0.0,1.178732,1.178732,0.0,7.178504,7.178504,11.717212,46.549605,46.549605,0.0,0.197647,0.197647,0.0,0.0,0.0,0.0,0.0,0.0,0.0,0.0,0.0,0.0,0.0,0.0,0.0,0.0,0.0,0.0,0.0,0.0,0.0,0.0,0.0,0.0,0.0,0.0
