CountryNum,StateNum,Route,RouteName,Active,Latitude,Longitude,Stratum,BCR,RouteTypeID,RouteTypeDetailID,x_3310,y_3310,n_pur_5km,lbs_ai_5km
840,14,1,HORSE CREEK,1,41.8223332,-123.0047055,93,5,1,1,-250009.79764127496,426692.96957093384,0,0.0
840,14,3,NUBIEBER,1,41.1014068,-121.2571315,85,9,1,1,-105675.85732630824,343456.49998132326,49,453.75454044
840,14,4,CRESCENT CTY,1,41.6955943,-124.1417935,93,5,1,1,-345184.3051076479,416217.48227404896,0,0.0
840,14,5,HONEYDEW,1,40.2431947,-124.1233439,93,5,1,1,-350656.43421019264,255098.39742425364,0,0.0
840,14,6,HOLMES,1,40.4150917,-123.9615249,93,5,1,1,-336105.76483466994,273585.8395934878,0,0.0
840,14,7,RED BLUFF,1,40.3520163,-122.3059647,92,32,1,1,-195851.86627822096,261939.87662266195,189,1537.9798676999999
840,14,9,EAGLE LAKE,1,40.5758997,-120.6982799,85,15,1,1,-59129.01766463887,284637.4311215319,0,0.0
840,14,11,HULLVILLE,1,39.5232837,-122.9409709,92,5,1,1,-252624.63504912268,171411.99245515326,0,0.0
840,14,12,PENNINGTON,1,39.2754327,-121.7340849,91,32,1,1,-149474.4070961545,141317.7440892025,3901,18558.007888050004
840,14,13,WESTVILLE,1,39.1239687,-120.7596199,66,15,1,1,-65615.42815152275,123380.45463028876,5,2.8394580000000005
840,14,14,FISH ROCK,1,38.8035918,-123.5854569,93,5,1,1,-310985.04071696993,93390.03269826667,0,0.0
840,14,16,RIOVISTA,1,38.0878897,-121.7519384,91,32,1,1,-153452.20934578875,9368.929558824748,0,0.0
840,14,18,DARDANELLE,1,38.3432387,-119.8362579,66,15,1,1,14293.94800602515,36349.265547805466,0,0.0
840,14,21,HUGHSON,1,37.5947824,-120.860951,91,32,1,1,-75911.70020390852,-46521.27607981861,18394,38801.49073887996
840,14,22,BASS LAKE,1,37.3670857,-119.6302109,92,15,1,1,32704.104357109627,-72113.89565638453,0,0.0
840,14,23,BIG PINE,1,37.1720925,-118.0220022,88,9,1,1,175373.83148139183,-92023.75638818787,0,0.0
840,14,24,CARUTHERS,1,36.5471497,-119.8358759,91,32,1,1,14672.9142865668,-163302.2663834365,6381,41494.489958809965
840,14,26,OILFIELDS,1,36.3127167,-120.3048859,91,32,1,1,-27340.95537816173,-189323.9440512783,2727,29160.793516109992
840,14,28,YOKOHL VAL,1,36.2677648,-118.9924775,92,32,1,1,90402.15066459819,-193882.8210464744,544,4714.044037830002
840,14,29,UBEHEBE,1,36.7126677,-117.5737919,80,33,1,1,216411.97901724573,-142149.96799514722,0,0.0
840,14,30,HAIWEE RES,1,36.1558717,-117.8859479,80,33,1,1,189953.00375389395,-204678.9048803593,0,0.0
840,14,31,WILDROSE,1,36.5381747,-117.2138369,80,33,1,1,249080.2933819533,-160652.26384442626,0,0.0
840,14,32,PARKFIELD,1,35.8086777,-120.5305939,92,32,1,1,-47894.81153001216,-245238.3987892056,14,0.09462248000000001
840,14,33,BAKERSFIELD,1,35.1800607,-119.1639019,91,32,1,1,76086.735401713,-314858.8249878404,4028,61443.06521591
840,14,34,ONYX,1,35.7335697,-118.0780029,90,33,1,1,173649.95986642022,-251956.18896983983,0,0.0
840,14,35,CALIF CITY,1,35.0877907,-117.9172289,83,33,1,1,189748.95242631956,-323355.9292644588,0,0.0
840,14,37,VALLEY WELLS,1,35.473722,-115.7029053,83,33,1,1,389438.4289669792,-273753.5906579946,0,0.0
840,14,38,SANTA YNEZ,1,34.4663227,-120.0690309,92,32,1,1,-6339.733127021524,-394426.1659359555,10,7.8450525
840,14,41,BARSTOW,1,34.6236297,-117.0048749,83,33,1,1,274472.30171756586,-372633.9284057352,0,0.0
840,14,43,CADIZ,1,34.5108617,-115.4898379,82,33,1,1,413817.83386684436,-379640.80604725843,189,934.0929598899999
840,14,44,PARKER DAM,1,34.2888977,-114.1414869,82,33,1,1,538913.8796239943,-397460.8576683365,0,0.0
840,14,46,MORENO,1,33.9285177,-117.1214679,90,32,1,1,266132.4067490528,-450055.2414366179,32,38.4053687
840,14,47,OAK GROVE,1,33.3988807,-116.8011859,90,32,1,1,297714.1625591989,-507798.41157444473,9,96.0290878
840,14,48,GLAMIS,1,33.0446677,-115.1445009,82,33,1,1,453799.7239571459,-540451.4371796688,0,0.0
840,14,49,PALO VERDE,1,33.4048617,-114.7292329,82,33,1,1,490354.7232030818,-498524.4753482416,4327,29418.774925890004
840,14,51,ANZA BORREGO,1,32.903954,-116.23272,90,33,1,1,352774.2223351955,-560652.9892665744,0,0.0
840,14,53,COALINGA,1,36.2251687,-120.5194684,92,32,1,1,-46637.01235227102,-198968.78909576032,0,0.0
840,14,54,ORANGE COVE,1,36.6315997,-119.3047559,92,32,1,1,62086.401419555994,-153701.6299661342,25597,153347.0561275501
840,14,55,LAKE SUCCESS,1,36.0801334,-118.8985706,92,32,1,1,99069.99816974904,-214636.99071729835,2456,21535.14279544
840,14,56,DARWIN,1,36.3180973,-117.6717296,80,33,1,1,208754.72526859242,-186206.59400163358,0,0.0
840,14,57,MORRO BAY,1,35.2565319,-120.8880009,92,32,1,1,-80730.33004614229,-306324.1177011952,0,0.0
840,14,58,EUREKA VAL,1,37.2267497,-117.7611699,80,33,1,1,198352.31605027284,-85435.51648276625,0,0.0
840,14,59,INYOKERN,1,35.6076917,-117.800197,83,33,1,1,199069.5640358672,-265390.1129444777,172,1156.1412880999999
840,14,62,IVANPAH,1,35.5408027,-115.4289179,83,33,1,1,413891.68020633364,-265150.0512179993,0,0.0
840,14,63,TRONA,1,35.8180322,-117.342044,83,33,1,1,239864.864688566,-240970.64821200585,0,0.0
840,14,64,TECOPA,1,35.8040435,-116.1930811,83,33,1,1,343567.06378006726,-238988.5775509011,0,0.0
840,14,65,SODA LAKE,1,35.1091439,-116.1438409,83,33,1,1,351146.82600299834,-315927.07989756344,0,0.0
840,14,67,ESSEX,1,34.7336313,-115.2438758,83,33,1,1,435127.11447272694,-353843.1987137706,0,0.0
840,14,68,FLYNN,1,34.9755274,-115.6467441,83,33,1,1,397064.080309291,-328787.75474984804,0,0.0
840,14,71,POINT REYES,1,38.0453507,-122.8668979,93,32,1,1,-251230.46099130035,7020.93288247101,0,0.0
840,14,73,INGALLS,1,41.6796987,-120.7128219,85,9,1,1,-59439.41696850483,407137.0151247056,0,0.0
840,14,74,MARTINS FY,1,41.2017931,-123.8016231,93,5,1,1,-319045.77288957237,360293.5282263011,0,0.0
840,14,75,RIO DELL,1,40.5280727,-124.1636509,93,5,1,1,-352693.07946501864,286854.7618288966,0,0.0
840,14,76,RAVENDALE,1,40.7999549,-120.3646258,89,9,1,1,-30780.35399564576,309354.7334618252,0,0.0
840,14,77,SHASTA LAKE,1,40.8737513,-122.2919583,92,5,1,1,-193262.20587394282,319823.81203722116,0,0.0
840,14,78,JOHNSVILLE,1,39.7846537,-120.6326679,66,15,1,1,-54159.667397410514,196715.29257382918,0,0.0
840,14,79,COHASSET,1,39.9935292,-121.704424,92,32,1,1,-145483.64742465917,221047.42311029695,0,0.0
840,14,80,ORLAND,1,39.7633427,-122.2390059,91,32,1,1,-191710.0842590917,196430.68605302367,2826,10593.687824070003
840,14,81,NAVARRO,1,39.1612277,-123.5822599,93,5,1,1,-309206.3336639383,133100.76149396691,19,11.9160816
840,14,82,WOODFORDS,1,38.7754607,-119.8237379,66,15,1,1,15297.563877857587,84396.31590771675,1,12.77303182
840,14,83,FAIRFAX,1,37.9851247,-122.5909499,93,32,1,1,-227238.01761554927,-367.73140021506697,0,0.0
840,14,84,BENTON,1,37.8002217,-118.5296169,88,9,1,1,129288.90266625218,-23025.431541296653,1,37.6865556
840,14,85,LUCERNE VAL,1,34.4584537,-116.9455029,83,33,1,1,280501.77768024977,-390782.816057893,18,153.4310412
840,14,86,HAVASU LAKE,1,34.4912299,-114.4066433,82,33,1,1,513227.7635918636,-376520.65185528575,0,0.0
840,14,88,COTTONWOOD,1,33.6738577,-115.8016279,82,33,1,1,389340.1261485288,-473714.8328294251,0,0.0
840,14,89,NILAND,1,33.2200507,-115.4847789,82,33,1,1,421096.80976803217,-522611.91699467413,2607,27839.119542619992
840,14,90,BLYTHE,1,33.6171807,-114.6230009,82,33,1,1,498893.1077771486,-474469.94015873084,9585,42725.49540687
840,14,92,ALAMO RIVER,1,32.8471607,-115.4338989,82,33,1,1,427827.20239636075,-563649.1801812616,18101,119413.54856148991
840,14,94,FT IRWIN,1,34.9995167,-116.9363639,83,33,1,1,279400.3037640957,-330727.0414621793,0,0.0
840,14,95,LUMBERYARD,1,38.5562592,-120.2906994,66,15,1,1,-25304.11579750059,60055.32191804517,0,0.0
840,14,96,BODIE,1,38.1752167,-119.1943049,88,9,1,1,70491.46924676708,17958.39018854173,0,0.0
840,14,97,ONO,1,40.5164906,-122.3819302,92,32,1,1,-201843.65492863982,280358.5592804784,7,91.61225466
840,14,98,FOLSOM,1,38.7202247,-121.0356899,92,32,1,1,-89951.54425641164,78733.73033556901,14,6.924117699999999
840,14,99,S CATALINA,1,33.3657387,-118.3742829,90,32,1,1,151390.04429523312,-515196.77120997617,0,0.0
840,14,100,WISTER,1,33.285091,-115.579064,82,33,1,1,411974.0867566438,-515826.2363044517,1276,8405.094404239999
840,14,103,SAWMILL MTN,1,34.5675322,-118.55729,92,32,1,1,132321.1135072439,-382189.2505147336,0,0.0
840,14,104,TUJUNGA,1,34.2581397,-118.1049598,95,32,1,1,174488.85601739615,-415785.58307888266,0,0.0
840,14,106,MESA GRANDE,1,33.1990869,-116.7862853,90,32,1,1,299850.8672253926,-529881.7359030955,0,0.0
840,14,108,CARMEL VAL,1,36.4530827,-121.6956939,92,32,1,1,-151776.26562314693,-172411.77882991964,64,8.42533558
840,14,109,CIMA,1,35.1743817,-115.4116059,83,33,1,1,417426.72454199684,-305722.00435544504,0,0.0
840,14,110,GREENHORN MT,1,35.7786557,-118.5699849,92,15,1,1,129128.42706069314,-247733.85119830864,0,0.0
840,14,111,VALYERMO,1,34.3863889,-117.69055,95,32,1,1,212292.82072669012,-400713.1397238546,0,0.0
840,14,112,PEARBLOSSOM,1,34.5208799,-117.9406162,90,33,1,1,188985.5138873244,-386321.1382402857,118,35.5418384
840,14,114,SISQUOC,1,34.7375727,-120.2354279,92,32,1,1,-21546.697586019098,-364295.42190467333,0,0.0
840,14,115,Lake Berryessa,1,38.633233,-122.288826,92,32,1,1,-199006.7466985661,70975.06245887373,65,129.3965245
840,14,116,LONE PINE,1,36.5074727,-118.0989909,80,33,1,1,170029.86606218352,-166019.82760835066,0,0.0
840,14,117,SILVER CITY,1,36.4664267,-118.6547779,92,15,1,1,120387.96792188569,-171432.0510084913,0,0.0
840,14,118,LOCKWOOD VAL,1,34.7383427,-119.0450209,95,32,1,1,87398.80183337805,-363796.52507272176,0,0.0
840,14,119,ELSINORE MTN,1,33.6484217,-117.4101409,90,32,1,1,240298.77292732918,-481874.772920243,0,0.0
840,14,122,CUYAMACA PK,1,32.9845324,-116.6771527,92,32,1,1,310862.2234312363,-553288.4810265019,0,0.0
840,14,123,ADELAIDA,1,35.6378262,-120.8547697,92,32,1,1,-77327.47292567816,-264003.68056002306,158,851.8057246999999
840,14,124,DEATH VALLEY,1,36.4373087,-116.8511739,80,33,1,1,281863.0137855401,-170840.99844199698,0,0.0
840,14,125,MARICOPA,1,35.0586291,-119.3492988,91,32,1,1,59308.06298499501,-328474.7305586315,1654,34668.18644959999
840,14,127,SANGER,1,36.6992615,-119.5118359,91,32,1,1,43555.306554040144,-146297.06064218655,12087,63787.21377724003
840,14,128,KELSO VALLEY,1,35.5494581,-118.2071003,92,33,1,1,162374.3528052706,-272632.86699699424,0,0.0
840,14,129,MT BALDY,1,34.1748887,-117.6766129,92,32,1,1,214148.74330561428,-424141.9413580345,15,8.2600607
840,14,130,GREEN VALLEY,1,34.2452557,-117.0639579,95,32,1,1,270359.82309675624,-414772.39774021786,0,0.0
840,14,132,KINGS CANYON,1,36.8189424,-118.9088976,92,15,1,1,97196.27252433864,-132547.86043584952,0,0.0
840,14,133,ELIZABETH LK,1,34.6685951,-118.3953543,92,32,1,1,146982.18828671155,-370734.9180980385,0,0.0
840,14,134,VENTUCOPA,1,34.8187907,-119.5569949,90,32,1,1,40502.22548868963,-355211.61040369,0,0.0
840,14,136,LAKE CACHUMA,1,34.6739607,-119.6685329,92,32,1,1,30360.998281031963,-371330.14729526173,0,0.0
840,14,137,JACUMBA,1,32.6119997,-116.2002339,90,32,1,1,357110.1625062722,-592838.7679120135,0,0.0
840,14,138,CRESTON,1,35.3183817,-120.5084609,92,32,1,1,-46189.03885929722,-299709.5433395393,5,575.1539222
840,14,139,GREENWATER V,1,36.0509851,-116.5004177,80,33,1,1,314831.18920598004,-212639.99362125387,0,0.0
840,14,140,CARRIZO PLN,1,35.0931687,-119.7298739,91,32,1,1,24609.83561698462,-324808.0073545105,0,0.0
840,14,142,MT PINOS 2,1,34.8339402,-119.3299456,95,32,1,1,61248.28288381874,-353407.9961538068,0,0.0
840,14,143,Twentynine Palms,1,34.165288,-116.001438,83,33,1,1,368523.70639855845,-420058.757359792,0,0.0
840,14,147,ARVIN,1,35.2233697,-118.8782429,91,32,1,1,102024.36093340733,-309781.344281503,6684,76255.61553308993
840,14,148,GLENN,1,39.5508277,-122.0649918,91,32,1,1,-177327.2158131069,172485.33044491708,814,2008.8343825200002
840,14,149,ATWATER,1,37.2442817,-120.6701509,91,32,1,1,-59364.214504156,-85618.92927632015,3118,30697.05875572001
840,14,150,BRAWLEY,1,32.9416587,-115.5356439,82,33,1,1,417808.4810064181,-553647.3760102964,8360,107609.11483172995
840,14,151,LIKELY,1,41.2351468,-120.3368295,85,9,1,1,-28262.301216201457,357647.46205773763,0,0.0
840,14,153,GOLD HILL,1,38.7687607,-120.9253159,92,32,1,1,-80313.03179960561,84029.29510713089,82,135.22778549999998
840,14,154,CROWLEY LAKE,1,37.6375765,-118.6550657,88,9,1,1,118515.60519428285,-41268.080913595855,0,0.0
840,14,155,WESTLEY,1,37.5141365,-121.1597352,91,32,1,1,-102364.59204091546,-55204.878026398364,4126,25161.000896399983
840,14,156,TUOLUMNE GROVE,1,37.7472667,-119.8035199,66,15,1,1,17289.123558621533,-29896.941108562984,0,0.0
840,14,158,SATTLEY,1,39.6153759,-120.4258218,85,15,1,1,-36537.186362219014,177808.4710543519,1,0.97325
840,14,159,OROVILLE,1,39.4978958,-121.6093062,91,32,1,1,-138300.21181455182,165846.1543889474,57,149.0000308
840,14,160,LONGVALE,1,39.5664857,-123.3982919,93,5,1,1,-291720.0441924192,177522.703102062,0,0.0
840,14,161,TEHAMA,1,40.3357087,-121.9157259,92,32,1,1,-162749.3850773206,259391.2059282642,0,0.0
840,14,162,HONEY LAKE,1,40.4932903,-120.1080006,89,9,1,1,-9155.81608903454,275251.8734132182,0,0.0
840,14,164,JUNCTION CTY,1,40.6589377,-123.0337989,93,5,1,1,-256559.8397141821,297744.83151681256,0,0.0
840,14,165,DAVIS CREEK,1,41.7332787,-120.3753129,85,9,1,1,-31272.558473663106,412917.532364469,7,27.2032068
840,14,166,DORRIS,1,41.9998861,-121.8916067,85,9,1,1,-157016.37030082074,443982.79717070516,229,2367.1728326999996
840,14,168,MACDOEL,1,41.8224004,-122.0111142,85,9,1,1,-167352.25652763515,424513.425885329,684,7576.126569689999
840,14,169,MCCLOUD,1,41.2323207,-122.1355519,85,5,1,1,-179179.71385525522,359301.74987746216,0,0.0
840,14,171,TRANQUILLITY,1,36.6541134,-120.2610649,91,32,1,1,-23306.799285034285,-151394.98444452975,8663,145075.3367470801
840,14,172,MORAGA,1,37.8183531,-122.1464708,92,32,1,1,-188682.24106480397,-19876.430220079143,0,0.0
840,14,173,LOCKWOOD,1,35.9222607,-121.0644229,92,32,1,1,-95938.45537240134,-232214.84892316302,169,1169.9830341200002
840,14,174,OFFIELD MTN,1,41.3813232,-123.4877394,66,5,1,1,-291983.3146185478,379187.420639758,0,0.0
840,14,175,MT SHASTA,1,41.4000979,-122.0499734,85,5,1,1,-171598.06630159426,377754.371910939,0,0.0
840,14,176,CLEAR LK RES,1,41.8190067,-121.0692617,85,9,1,1,-88986.25451797528,422863.8857842209,0,0.0
840,14,177,CEDARVILLE,1,41.5295757,-120.1718519,89,9,1,1,-14360.363537947123,390275.6611250704,46,104.91555078
840,14,178,ALDERPOINT,1,40.1732694,-123.6037721,93,5,1,1,-306789.0968411436,245536.70570155885,0,0.0
840,14,179,YOLLA BOLLY,1,40.0279597,-122.6387259,92,32,1,1,-225108.99288466634,226697.26257066987,0,0.0
840,14,180,BUTTE MEADOW,1,40.1173377,-121.5755009,66,15,1,1,-134251.74592173877,234608.1699014306,0,0.0
840,14,181,GENESEE,1,40.2017613,-120.623502,66,15,1,1,-53070.31061335254,243044.47930136323,0,0.0
840,14,182,LAYTONVILLE,1,39.6878368,-123.484892,93,5,1,1,-298655.25185334985,191267.13056745566,9,3.9737019
840,14,183,BARTLETT SPS,1,39.1844218,-122.7090796,92,32,1,1,-233787.0805214441,133176.62046995247,0,0.0
840,14,184,HIGGINS CORN,1,39.0686937,-121.0099559,92,15,1,1,-87303.99862900273,117439.29001327418,2,0.603925
840,14,185,DOWNIEVILLE,1,39.5602197,-120.8280109,66,15,1,1,-71099.45413390179,171908.19254237926,0,0.0
840,14,186,MARK WEST,1,38.5498734,-122.719303,92,32,1,1,-236691.74905905733,62701.324511696585,108,145.09341339000002
840,14,187,ZAMORA,1,38.7939347,-121.8400349,91,32,1,1,-159644.5094764757,87984.75963265868,3920,34459.24715971
840,14,188,RIVERTON,1,38.7694117,-120.4473869,66,15,1,1,-38831.192090121054,83801.35093037272,0,0.0
840,14,189,COYOTE,1,37.2521703,-121.6774341,92,32,1,1,-148570.70981009922,-83637.48376538279,0,0.0
840,14,190,COPPEROPOLIS,1,37.9834939,-120.6452578,92,32,1,1,-56599.86732985998,-3461.6151011218317,0,0.0
840,14,191,ONEALS,1,37.1201217,-119.7013699,92,32,1,1,26497.30456396845,-99588.47520214645,0,0.0
840,14,192,DEEP SPRINGS,1,37.4158007,-118.0043109,88,9,1,1,176371.94016916823,-64906.017760012764,0,0.0
840,14,193,BODEGA BAY,1,38.3407717,-123.0480649,93,5,1,1,-266045.453047497,40339.69051547814,0,0.0
840,14,194,WATERMAN GAP,1,37.2115267,-122.1565019,93,32,1,1,-191098.10165155606,-87296.33682869002,0,0.0
840,14,195,GREENFIELD,1,36.257393,-121.4234494,92,32,1,1,-127737.00676593013,-194556.78625225322,16,12.4670162
840,14,196,ORA LOMA,1,36.8794687,-120.7850119,91,32,1,1,-69874.52871718198,-126090.43218119023,2432,41573.229919289995
840,14,197,TIPTON,1,36.0799797,-119.3040849,91,32,1,1,62596.274890832225,-214999.80743849603,4839,49148.25652194999
840,14,198,YREKA,1,41.7401687,-122.6334149,85,5,1,1,-219377.70628326284,416666.6397719886,11,96.3560028
840,14,199,BARTLE,1,41.2528113,-121.8238479,85,9,1,1,-152986.50495764203,361028.9164569462,0,0.0
840,14,200,KORBEL,1,40.9701495,-123.8400894,93,5,1,1,-323313.23598825466,334736.5132021485,0,0.0
840,14,201,HAT CREEK,1,40.8188497,-121.5700369,66,15,1,1,-132496.21091757916,312490.2102597961,0,0.0
840,14,204,ATHLONE,1,37.1416897,-120.4009629,91,32,1,1,-35567.058053184686,-97157.55095025292,7626,49050.87430875999
840,14,205,LAKESHORE,1,37.2556212,-119.1614638,66,15,1,1,74268.8508835959,-84239.7968018977,0,0.0
840,14,207,Lake Hemet 2,1,33.6681143,-116.670672,95,32,1,1,308808.290794153,-477550.9117155704,0,0.0
840,14,210,UKIAH,1,39.1634647,-123.2270969,93,5,1,1,-278554.11675319576,132248.30896587577,15,43.7451918
840,14,220,JOFEGAN,1,33.3068648,-117.342142,90,32,1,1,247667.6943214005,-519548.24443907524,908,2461.1976848700006
840,14,225,TRES PINOS 2,1,36.7497605,-121.1582986,92,32,1,1,-103275.81472191456,-140165.6235682466,3,1.57208185
840,14,226,ANZA 2,1,33.5014318,-116.7979649,90,32,1,1,297629.9670683625,-496426.9496469563,6,0.42376
840,14,231,JOSHUA TREE 2,1,34.0138414,-116.16262,83,33,1,1,354356.61641320004,-437459.3611779222,0,0.0
840,14,240,WILLOW SPRINGS 2,1,34.971073,-118.148742,83,33,1,1,168913.0474966726,-336750.6003054287,0,0.0
840,14,245,BUENA VISTA,1,35.4779437,-119.2962109,91,32,1,1,63800.992763154165,-281874.82414406026,5863,54287.640559739964
840,14,252,Hollister 2,1,36.8242987,-121.2813,92,32,1,1,-114130.22597693218,-131740.59033800894,1236,626.5702750799999
840,14,260,LENWOOD 2,1,34.836431,-117.16759,83,33,1,1,258860.10730369462,-349480.8984849211,0,0.0
840,14,267,ORLEANS 2,1,41.309013,-123.53229,93,5,1,1,-296010.082493825,371308.2615691675,0,0.0
840,14,302,GLEN ELLEN 2,1,38.3796305,-122.5109615,92,32,1,1,-219062.98841221086,43283.40059765661,976,125.77522558000001
840,14,308,CHAOS CRATER,1,40.4976057,-121.4282989,66,15,1,1,-121073.1289415479,276637.8667286327,0,0.0
840,14,313,ANGELUS OAKS,1,34.0809816,-116.8865694,95,32,1,1,287286.9816606679,-432466.3485176023,5,0.3134035
840,14,319,PESCADERO,1,37.1650627,-122.2276839,93,32,1,1,-197526.08832759937,-92313.95478104288,0,0.0
840,14,320,COLLEGEVILLE 2,1,37.9333136,-121.1662987,91,32,1,1,-102370.67244593283,-8602.935726747848,5897,56186.264644080016
840,14,321,CLEVELAND NF 2,1,32.957592,-116.540324,92,32,1,1,323766.2671001188,-555813.0927813156,0,0.0
840,14,341,CAL HOT SPGS,1,35.89089,-118.85004,92,32,1,1,103689.98627197313,-235609.91155342478,0,0.0
840,14,345,Harbor Lake 2,1,33.7909207,-118.2918,90,32,1,1,158220.93274083833,-467930.4155470743,0,0.0
840,14,352,STATEN IS.,1,38.1231944,-121.525076,91,32,1,1,-133520.05372592303,12949.688547859434,636,3433.9745913600004
840,14,357,POLOMA,1,38.3539344,-120.6797897,92,32,1,1,-59333.57579597924,37738.604649201035,9,0.7678417000000001
840,14,366,WOODLANDS,1,34.2881427,-116.7674109,95,32,1,1,297494.4757353219,-409128.33700773586,2,0.0020625
840,14,401,HIOUCHI,1,41.8020549,-124.0540137,93,5,1,1,-337368.4232246288,427696.40581818856,0,0.0
840,14,402,LONESOME RDG,1,41.3035057,-123.5321729,93,5,1,1,-296023.0342681233,370697.2585187992,0,0.0
840,14,403,WHISKEYTOWN,1,41.0054247,-122.6175379,66,5,1,1,-220305.67913151707,335144.6123092063,0,0.0
840,14,404,DIRIGIO,1,41.1491686,-122.3173197,66,5,1,1,-194653.21501251127,350435.3269970054,0,0.0
840,14,405,HACKAMORE,1,41.6091794,-121.050248,85,9,1,1,-87661.72629099323,399577.83850055,0,0.0
840,14,406,TIONESTA,1,41.6708967,-121.2574609,85,9,1,1,-104865.58349725982,406632.8114641672,52,176.04063803999998
840,14,407,CROWDER FLAT,1,41.8699632,-120.5011538,85,9,1,1,-41677.919198503536,428122.33205344714,0,0.0
840,14,408,MADELINE,1,41.0534621,-120.4745547,85,9,1,1,-39919.22652203146,337534.74493766855,0,0.0
840,14,409,BURNT RANCH,1,40.8031297,-123.4827189,93,5,1,1,-293919.84205892263,315047.0581544237,0,0.0
840,14,410,FRENCH GULCH,1,40.7168927,-122.6362459,66,5,1,1,-222770.32503546696,303171.49190923665,0,0.0
840,14,411,TOMHEAD,1,40.1803227,-122.8597869,92,32,1,1,-243451.723605204,244160.74144386873,0,0.0
840,14,412,FALL RIVER MILLS,1,40.9620837,-121.5788419,66,9,1,1,-132974.4384902391,328399.90373210143,0,0.0
840,14,413,CHESTER,1,40.3052152,-121.143089,66,15,1,1,-97155.55106079222,254945.94135917444,2,1.889496
840,14,414,GOUMAZ,1,40.4392679,-120.8358171,85,15,1,1,-70908.88291887323,269560.1719804704,0,0.0
840,14,415,PAXTON,1,40.0402279,-120.9961818,66,15,1,1,-84979.08967045654,225373.687354099,0,0.0
840,14,416,MEADOW VALLEY,1,39.9493657,-121.0380629,66,15,1,1,-88662.12234817153,215318.96491613518,0,0.0
840,14,417,LITTLE TRUCKEE,1,39.506243,-120.096211,66,15,1,1,-8267.61470226424,165604.09305002773,0,0.0
840,14,418,FOREST HILL,1,39.0192397,-120.8263239,66,15,1,1,-71478.58009160074,111789.3026877977,0,0.0
840,14,419,POLLOCK PINES,1,38.7396833,-120.5734077,66,15,1,1,-49789.10322218693,80555.87977609364,0,0.0
840,14,420,PLACERVILLE,1,38.7995807,-120.7242129,92,15,1,1,-62832.46398882398,87303.0735092638,385,818.7622938600001
840,14,421,COULTERVILLE,1,37.7104224,-120.1968622,92,15,1,1,-17331.25082384981,-33992.71662119124,0,0.0
840,14,422,WAWONA,1,37.4618753,-119.7938035,92,15,1,1,18213.10909574085,-61620.74521272024,0,0.0
840,14,423,PINE MOUNTAIN,1,36.0105997,-118.1213609,66,15,1,1,169123.31061456288,-221262.76470206399,0,0.0
840,14,424,KERNVILLE,1,35.7945597,-118.4486699,92,15,1,1,140053.15870150123,-245795.00795752136,0,0.0
840,14,425,SOUTH LAKE,1,35.6923897,-118.2905419,92,32,1,1,154532.02494635974,-256897.85362697486,13,230.479894
840,14,426,CRESTVIEW,1,37.77678,-119.0168752,88,15,1,1,86473.84269526748,-26185.606774770655,0,0.0
840,14,427,ALAMAR,1,34.7072417,-119.6177289,90,32,1,1,34999.51329472809,-367618.46173830656,0,0.0
840,14,428,BIG FLAT,1,41.7045577,-123.8982699,93,5,1,1,-324859.55786616064,416350.1145404745,0,0.0
840,14,429,CECILVILLE,1,41.0822737,-123.0816729,66,5,1,1,-259079.79996802678,344843.42114726454,0,0.0
840,14,430,MEDICINE MTN.,1,41.534114,-121.58434,85,9,1,1,-132376.8098155202,391872.1544879675,0,0.0
840,14,431,HAY FORK,1,40.4903837,-123.0732879,93,5,1,1,-260504.7289409628,279146.4905567635,0,0.0
840,14,433,CHILCOOT,1,39.7978141,-120.139403,85,15,1,1,-11931.557237589295,198005.50686355494,0,0.0
840,14,434,STRAWBERRY,1,38.1700196,-120.0376959,66,15,1,1,-3298.3399855818066,17081.783545890823,0,0.0
840,14,435,FRIDAY RIDGE,1,40.8879703,-123.6046832,93,5,1,1,-303850.00003475434,324843.0477772141,0,0.0
840,14,436,LAST CHANCE,1,40.1541637,-120.5453404,66,15,1,1,-46447.95672374873,237716.75119995512,0,0.0
840,14,437,Stonyford,1,39.382586,-122.551903,92,32,1,1,-219633.8007890621,154814.7233797377,0,0.0
840,14,503,Tracy 2,1,37.665124,-121.73284,91,32,1,1,-152638.5054657559,-37651.421164777596,651,2603.2217227399997
840,14,900,IRON GATE,1,41.9024247,-122.5631179,85,9,1,2,-213036.69385001436,434491.19661286846,0,0.0
840,14,901,GAZELLE,1,41.5209207,-122.5202179,85,5,1,2,-210596.3813059174,392101.8016374456,125,2326.7548893999997
840,14,953,SOUTH FORK MTN,1,40.6229877,-123.6395269,93,5,1,2,-307914.6737901702,295558.94742524717,0,0.0
