year,county,class,lbs
2015,01,chlorpyrifos,4.5261624
2015,01,pyrethroid,5288.251701405001
2015,02,pyrethroid,12.642939259999999
2015,03,chlorpyrifos,65.7626574
2015,03,pyrethroid,254.56545271
2015,04,chlorpyrifos,23834.883157840002
2015,04,pyrethroid,28214.619151909996
2015,05,chlorpyrifos,64.963043
2015,05,pyrethroid,1374.5908333900002
2015,06,chlorpyrifos,28601.32581096
2015,06,pyrethroid,9970.743508029998
2015,07,chlorpyrifos,1156.201579
2015,07,oxamyl,21.18144
2015,07,pyrethroid,7352.656403645
2015,08,pyrethroid,119.749460825
2015,09,chlorpyrifos,3.0019332
2015,09,pyrethroid,3119.60805085
2015,10,chlorpyrifos,175002.05427156
2015,10,oxamyl,2600.044314
2015,10,pyrethroid,87389.37832835501
2015,11,chlorpyrifos,20192.49964486
2015,11,pyrethroid,11701.18058986
2015,12,chlorpyrifos,7.0460148
2015,12,pyrethroid,941.606099985
2015,13,chlorpyrifos,71487.96194889999
2015,13,oxamyl,685.6453260000001
2015,13,pyrethroid,39005.30919588
2015,14,chlorpyrifos,364.0536975
2015,14,pyrethroid,173.97383498
2015,15,chlorpyrifos,287708.815804
2015,15,oxamyl,1491.574056
2015,15,pyrethroid,69379.61403813501
2015,16,chlorpyrifos,86542.42360212
2015,16,oxamyl,2706.5644200000006
2015,16,pyrethroid,23620.21217113
2015,17,chlorpyrifos,8.333058000000001
2015,17,pyrethroid,1297.37043305
2015,18,pyrethroid,5156.986262605999
2015,19,chlorpyrifos,513.0487018599999
2015,19,oxamyl,181.69730400000003
2015,19,pyrethroid,86373.757072759
2015,20,chlorpyrifos,31484.15363896
2015,20,pyrethroid,39248.544873695006
2015,21,chlorpyrifos,2.814
2015,21,pyrethroid,600.54821584
2015,22,pyrethroid,149.23173670999998
2015,23,chlorpyrifos,1.3004
2015,23,pyrethroid,268.028852105
2015,24,chlorpyrifos,38073.98479806
2015,24,oxamyl,116.485392
2015,24,pyrethroid,21685.906686575
2015,25,chlorpyrifos,3184.5529514800005
2015,25,oxamyl,1305.0032340000002
2015,25,pyrethroid,190.11764599999995
2015,26,chlorpyrifos,743.6067702
2015,26,pyrethroid,28.8783729
2015,27,chlorpyrifos,4793.005621900001
2015,27,oxamyl,2274.488424
2015,27,pyrethroid,48743.899499715
2015,28,chlorpyrifos,91.64420220000001
2015,28,pyrethroid,444.30798686500003
2015,29,pyrethroid,541.4987116
2015,30,chlorpyrifos,387.7506757
2015,30,oxamyl,75.22766399999999
2015,30,pyrethroid,31143.294622775
2015,31,chlorpyrifos,1235.3547145
2015,31,pyrethroid,18754.570806524003
2015,32,pyrethroid,125.76222633
2015,33,chlorpyrifos,8554.90453716
2015,33,oxamyl,177.408648
2015,33,pyrethroid,62511.485211265004
2015,34,chlorpyrifos,2674.7649955000006
2015,34,oxamyl,112.24413600000001
2015,34,pyrethroid,62791.24367175
2015,35,chlorpyrifos,0.747681
2015,35,oxamyl,220.60540799999998
2015,35,pyrethroid,4098.91677163
2015,36,chlorpyrifos,1177.8810715
2015,36,pyrethroid,27162.751218899997
2015,37,chlorpyrifos,2159.7090306
2015,37,oxamyl,86.139456
2015,37,pyrethroid,41745.325359223
2015,38,chlorpyrifos,0.713415
2015,38,pyrethroid,8871.651945095
2015,39,chlorpyrifos,35245.89306786
2015,39,oxamyl,243.20077199999997
2015,39,pyrethroid,33754.70401613999
2015,40,chlorpyrifos,274.4576874999999
2015,40,pyrethroid,10444.69425837
2015,41,chlorpyrifos,56.2214214
2015,41,pyrethroid,14362.93095278
2015,42,chlorpyrifos,404.13098390000005
2015,42,oxamyl,282.895152
2015,42,pyrethroid,22361.538270790003
2015,43,chlorpyrifos,317.09497702
2015,43,oxamyl,484.28056799999996
2015,43,pyrethroid,32254.254946304998
2015,44,chlorpyrifos,1182.3639463000002
2015,44,oxamyl,14.237088
2015,44,pyrethroid,3571.32138098
2015,45,chlorpyrifos,846.5031037
2015,45,pyrethroid,1587.032882555
2015,46,pyrethroid,10.984586969999999
2015,47,chlorpyrifos,3211.0065629999995
2015,47,oxamyl,1158.947208
2015,47,pyrethroid,670.504321075
2015,48,chlorpyrifos,5301.36057004
2015,48,pyrethroid,7149.863608365
2015,49,chlorpyrifos,1103.1947146
2015,49,pyrethroid,1792.51140907
2015,50,chlorpyrifos,34180.90264648
2015,50,oxamyl,120.467784
2015,50,pyrethroid,41906.661034875
2015,51,chlorpyrifos,23878.9352315
2015,51,pyrethroid,10460.60407207
2015,52,chlorpyrifos,12561.048914580002
2015,52,pyrethroid,3959.55627451
2015,53,pyrethroid,19.29997005
2015,54,chlorpyrifos,144799.7643921
2015,54,oxamyl,31.93176
2015,54,pyrethroid,39479.59408122
2015,55,chlorpyrifos,3.29736
2015,55,pyrethroid,1309.2257150300002
2015,56,chlorpyrifos,32145.54555328
2015,56,oxamyl,2761.564896
2015,56,pyrethroid,13092.44639908
2015,57,chlorpyrifos,4430.97110704
2015,57,oxamyl,167.62944
2015,57,pyrethroid,9368.688411331
2015,58,chlorpyrifos,18027.2977392
2015,58,pyrethroid,5253.4633304
2016,01,chlorpyrifos,4.2278164
2016,01,pyrethroid,2475.10153781
2016,02,pyrethroid,18.37121575
2016,03,chlorpyrifos,124.9289582
2016,03,pyrethroid,323.9903112
2016,04,chlorpyrifos,19565.3930261
2016,04,pyrethroid,10406.75265834
2016,05,chlorpyrifos,125.285863
2016,05,pyrethroid,1609.9225336700001
2016,06,chlorpyrifos,8869.96183724
2016,06,pyrethroid,9573.21200113
2016,07,chlorpyrifos,905.3377245999999
2016,07,pyrethroid,4744.3558926900005
2016,08,pyrethroid,379.17207207
2016,09,pyrethroid,2077.007736058
2016,10,chlorpyrifos,142552.64229782
2016,10,oxamyl,58.059354
2016,10,pyrethroid,99647.21179714
2016,11,chlorpyrifos,12213.22814192
2016,11,pyrethroid,10336.688227715
2016,12,pyrethroid,3012.8993801889997
2016,13,chlorpyrifos,46414.5564746
2016,13,pyrethroid,31734.14658549
2016,14,chlorpyrifos,0.07364899999999999
2016,14,pyrethroid,129.58383595
2016,15,chlorpyrifos,203123.77862949998
2016,15,pyrethroid,79146.74779545999
2016,16,chlorpyrifos,85862.6432806
2016,16,oxamyl,1065.47721
2016,16,pyrethroid,24715.289590689998
2016,17,chlorpyrifos,255.11636789999997
2016,17,pyrethroid,2981.79584699
2016,18,chlorpyrifos,1143.9961554000001
2016,18,pyrethroid,350.23789331
2016,19,chlorpyrifos,546.23406178
2016,19,pyrethroid,150450.106509116
2016,20,chlorpyrifos,20350.295942
2016,20,oxamyl,139.384224
2016,20,pyrethroid,38383.16512479
2016,21,pyrethroid,1265.8429861099999
2016,22,pyrethroid,161.48440047
2016,23,pyrethroid,596.3971875199999
2016,24,chlorpyrifos,29048.978018759997
2016,24,oxamyl,0.268848
2016,24,pyrethroid,21239.578297655
2016,25,chlorpyrifos,1624.27794126
2016,25,oxamyl,220.276848
2016,25,pyrethroid,229.56044472
2016,26,pyrethroid,37.34452051000002
2016,27,chlorpyrifos,3225.7840481999997
2016,27,oxamyl,205.13870400000002
2016,27,pyrethroid,47958.646199229996
2016,28,chlorpyrifos,42.092066599999995
2016,28,pyrethroid,806.817098235
2016,29,pyrethroid,827.5232846200001
2016,30,chlorpyrifos,369.2374331
2016,30,pyrethroid,23549.669286204
2016,31,chlorpyrifos,1172.2413549199998
2016,31,pyrethroid,6783.7535563950005
2016,32,pyrethroid,244.11339250000003
2016,33,chlorpyrifos,5928.070005719999
2016,33,oxamyl,199.12032
2016,33,pyrethroid,55169.016658730005
2016,34,chlorpyrifos,988.8728821800001
2016,34,pyrethroid,23916.570415315
2016,35,chlorpyrifos,121.94276040000001
2016,35,oxamyl,42.5994
2016,35,pyrethroid,3144.4883648249997
2016,36,chlorpyrifos,253.8540762
2016,36,pyrethroid,33837.86199802
2016,37,chlorpyrifos,971.20372198
2016,37,pyrethroid,87279.287711092
2016,38,chlorpyrifos,0.0012125
2016,38,pyrethroid,3885.1297576349994
2016,39,chlorpyrifos,29892.2230233
2016,39,pyrethroid,29356.51910935
2016,40,chlorpyrifos,144.1074098
2016,40,pyrethroid,4419.565125231
2016,41,chlorpyrifos,16.1539054
2016,41,pyrethroid,5636.437034015
2016,42,chlorpyrifos,353.75736909999995
2016,42,oxamyl,84.685968
2016,42,pyrethroid,13848.340077599
2016,43,chlorpyrifos,263.46259213999997
2016,43,oxamyl,38.987784
2016,43,pyrethroid,21002.180275133
2016,44,chlorpyrifos,159.27627710000002
2016,44,pyrethroid,3494.1471033850003
2016,45,chlorpyrifos,396.9284973
2016,45,pyrethroid,1681.433090895
2016,46,pyrethroid,163.16696414999998
2016,47,chlorpyrifos,3424.62695862
2016,47,oxamyl,225.50926800000002
2016,47,pyrethroid,469.58300611000004
2016,48,chlorpyrifos,4435.62230148
2016,48,pyrethroid,9121.873355591
2016,49,chlorpyrifos,51.33517520000001
2016,49,pyrethroid,5302.12643686
2016,50,chlorpyrifos,16477.170024400002
2016,50,pyrethroid,29918.248233259998
2016,51,chlorpyrifos,26716.6899798
2016,51,pyrethroid,9774.508438541001
2016,52,chlorpyrifos,9270.871473300002
2016,52,pyrethroid,3938.675531725
2016,53,pyrethroid,7.35793415
2016,54,chlorpyrifos,181181.524535
2016,54,pyrethroid,51223.966973919996
2016,55,pyrethroid,871.30611297
2016,56,chlorpyrifos,26836.1105419
2016,56,oxamyl,186.92925599999998
2016,56,pyrethroid,9162.460862965
2016,57,chlorpyrifos,3868.1235608000006
2016,57,oxamyl,0.042984
2016,57,pyrethroid,11028.740891664
2016,58,chlorpyrifos,13001.9386273
2016,58,pyrethroid,5053.267797325
2017,01,chlorpyrifos,0.013049999999999999
2017,01,pyrethroid,3696.249338388
2017,02,pyrethroid,7.703679759999999
2017,03,chlorpyrifos,23.486649
2017,03,pyrethroid,330.75205705999997
2017,04,chlorpyrifos,13949.39507846
2017,04,pyrethroid,13762.141770694998
2017,05,chlorpyrifos,129.926086
2017,05,pyrethroid,828.82762742
2017,06,chlorpyrifos,7353.173012699999
2017,06,oxamyl,0.034848
2017,06,pyrethroid,10702.07756304
2017,07,chlorpyrifos,1083.0632923
2017,07,pyrethroid,5038.582790835
2017,08,pyrethroid,144.6001915
2017,09,chlorpyrifos,0.001274
2017,09,pyrethroid,1706.5130328999999
2017,10,chlorpyrifos,167684.42048441997
2017,10,oxamyl,1533.588822
2017,10,pyrethroid,94779.178351415
2017,11,chlorpyrifos,13589.136422
2017,11,pyrethroid,11839.44355687
2017,12,chlorpyrifos,7.0460148
2017,12,pyrethroid,220.520271301
2017,13,chlorpyrifos,48932.42451889999
2017,13,pyrethroid,32387.464606609996
2017,14,chlorpyrifos,0.114539
2017,14,pyrethroid,336.75398600000005
2017,15,chlorpyrifos,184563.2598582
2017,15,oxamyl,8159.866386
2017,15,pyrethroid,73740.100000045
2017,16,chlorpyrifos,126588.07707977999
2017,16,oxamyl,26977.207194000002
2017,16,pyrethroid,35305.902625865005
2017,17,chlorpyrifos,401.492382104
2017,17,pyrethroid,1219.88122119
2017,18,chlorpyrifos,2248.9701059999998
2017,18,pyrethroid,238.61393612999998
2017,19,chlorpyrifos,1093.22019947
2017,19,pyrethroid,23353.735768082
2017,20,chlorpyrifos,38935.1994783
2017,20,pyrethroid,37708.21525041
2017,21,pyrethroid,440.267459851
2017,22,pyrethroid,103.34152109
2017,23,pyrethroid,1353.107545285
2017,24,chlorpyrifos,32274.2845917
2017,24,oxamyl,125.73451200000001
2017,24,pyrethroid,26532.02170577
2017,25,chlorpyrifos,2432.43471668
2017,25,oxamyl,686.150052
2017,25,pyrethroid,402.67087896
2017,26,pyrethroid,23.14850001
2017,27,chlorpyrifos,455.65249439999997
2017,27,oxamyl,365.94331200000005
2017,27,pyrethroid,44809.99774954
2017,28,chlorpyrifos,2.2244
2017,28,pyrethroid,319.89019945999996
2017,29,pyrethroid,520.324525605
2017,30,chlorpyrifos,579.5224611699999
2017,30,pyrethroid,10746.678081022
2017,31,chlorpyrifos,13.1346797
2017,31,pyrethroid,4251.939451390001
2017,32,pyrethroid,77.85889098999999
2017,33,chlorpyrifos,10983.92199264
2017,33,pyrethroid,35347.316301841005
2017,34,chlorpyrifos,739.8565368
2017,34,pyrethroid,11660.085384145
2017,35,chlorpyrifos,10.785057
2017,35,pyrethroid,3582.4686214599997
2017,36,chlorpyrifos,204.62706419999998
2017,36,pyrethroid,9266.375339605001
2017,37,chlorpyrifos,1513.3787256
2017,37,pyrethroid,21392.835494445
2017,38,pyrethroid,752.00824199
2017,39,chlorpyrifos,27104.58201164
2017,39,oxamyl,336.343014
2017,39,pyrethroid,33749.221543110994
2017,40,chlorpyrifos,617.4303539
2017,40,pyrethroid,4251.5382641999995
2017,41,chlorpyrifos,0.9556
2017,41,pyrethroid,2167.59382845
2017,42,chlorpyrifos,983.6096794000001
2017,42,oxamyl,79.648176
2017,42,pyrethroid,13802.421935450999
2017,43,chlorpyrifos,5.88304404
2017,43,oxamyl,9.956016
2017,43,pyrethroid,20939.351115794998
2017,44,chlorpyrifos,102.6440464
2017,44,pyrethroid,2913.7046390120004
2017,45,chlorpyrifos,206.6657204
2017,45,pyrethroid,1445.22848564
2017,46,pyrethroid,10.05337313
2017,47,chlorpyrifos,3892.8810756199996
2017,47,oxamyl,2.9853180000000004
2017,47,pyrethroid,604.065892765
2017,48,chlorpyrifos,6560.714697359999
2017,48,pyrethroid,7191.99096743
2017,49,chlorpyrifos,413.38354970000006
2017,49,pyrethroid,993.922638706
2017,50,chlorpyrifos,21962.98190356
2017,50,pyrethroid,30492.931042165
2017,51,chlorpyrifos,20191.658236299998
2017,51,pyrethroid,10318.006295604999
2017,52,chlorpyrifos,4240.228614899999
2017,52,pyrethroid,5073.2308343
2017,53,pyrethroid,4.8588805
2017,54,chlorpyrifos,163309.93138676
2017,54,pyrethroid,47248.277781785
2017,55,pyrethroid,558.90858262
2017,56,chlorpyrifos,24802.7103481
2017,56,oxamyl,24.651096
2017,56,pyrethroid,9973.034681318
2017,57,chlorpyrifos,4337.9433861
2017,57,pyrethroid,10303.655434707998
2017,58,chlorpyrifos,11105.7365822
2017,58,pyrethroid,4222.209830465
2018,01,chlorpyrifos,31.8932376
2018,01,pyrethroid,4478.491367875
2018,02,pyrethroid,199.66188738
2018,03,pyrethroid,261.53855670999997
2018,04,chlorpyrifos,8373.750581219998
2018,04,pyrethroid,16838.409264320002
2018,05,chlorpyrifos,129.926086
2018,05,pyrethroid,833.781071465
2018,06,chlorpyrifos,9115.4622728
2018,06,pyrethroid,12944.246536294999
2018,07,chlorpyrifos,829.1892621
2018,07,pyrethroid,6202.25492486
2018,08,pyrethroid,190.60266574999997
2018,09,chlorpyrifos,6.0776909
2018,09,pyrethroid,2010.3455248950002
2018,10,chlorpyrifos,115300.25361518
2018,10,oxamyl,11351.553858
2018,10,pyrethroid,115037.60044848501
2018,11,chlorpyrifos,11342.20952532
2018,11,pyrethroid,17347.77215841
2018,12,chlorpyrifos,3.4055832
2018,12,pyrethroid,270.51290868499996
2018,13,chlorpyrifos,26656.1351072
2018,13,oxamyl,318.592512
2018,13,pyrethroid,27931.74253189
2018,14,chlorpyrifos,12.567471
2018,14,pyrethroid,247.990181325
2018,15,chlorpyrifos,144181.3157292
2018,15,oxamyl,11547.718769999996
2018,15,pyrethroid,76138.145703555
2018,16,chlorpyrifos,92147.5615474
2018,16,oxamyl,46358.01806999999
2018,16,pyrethroid,33266.837829235
2018,17,chlorpyrifos,145.61734439999998
2018,17,pyrethroid,1375.7444555349998
2018,18,chlorpyrifos,75.66861139999999
2018,18,pyrethroid,106.17646231999998
2018,19,chlorpyrifos,671.5122129599999
2018,19,oxamyl,124.624752
2018,19,pyrethroid,26366.534442297998
2018,20,chlorpyrifos,29434.0458387
2018,20,pyrethroid,42916.41832944
2018,21,chlorpyrifos,0.580247
2018,21,pyrethroid,286.48998132500003
2018,22,pyrethroid,94.71975454
2018,23,pyrethroid,969.93426323
2018,24,chlorpyrifos,29104.708016200002
2018,24,oxamyl,105.155448
2018,24,pyrethroid,24967.273373825
2018,25,chlorpyrifos,2300.9828611000003
2018,25,oxamyl,275.24133
2018,25,pyrethroid,593.7156964000001
2018,26,chlorpyrifos,37.992014999999995
2018,26,pyrethroid,63.55908323499999
2018,27,chlorpyrifos,732.1759597399999
2018,27,oxamyl,2626.472904
2018,27,pyrethroid,41851.07168606
2018,28,pyrethroid,305.753980255
2018,29,chlorpyrifos,0.002811
2018,29,pyrethroid,450.09124509000003
2018,30,chlorpyrifos,559.0534061200001
2018,30,pyrethroid,18827.349507386
2018,31,chlorpyrifos,785.8517249999999
2018,31,pyrethroid,3504.659276556
2018,32,chlorpyrifos,310.02396780000004
2018,32,pyrethroid,55.31306246
2018,33,chlorpyrifos,2859.2093964
2018,33,oxamyl,26.144496
2018,33,pyrethroid,26199.467066535
2018,34,chlorpyrifos,515.4477295
2018,34,pyrethroid,10306.002202426
2018,35,chlorpyrifos,59.5422477
2018,35,oxamyl,156.369192
2018,35,pyrethroid,3490.5958382199997
2018,36,chlorpyrifos,239.0113019
2018,36,pyrethroid,6098.36500202
2018,37,chlorpyrifos,1005.6681894999999
2018,37,oxamyl,344.956056
2018,37,pyrethroid,13564.56172504
2018,38,pyrethroid,677.3918545949999
2018,39,chlorpyrifos,15605.37410728
2018,39,oxamyl,1229.940978
2018,39,pyrethroid,35265.408093925
2018,40,chlorpyrifos,12.6365312
2018,40,oxamyl,182.09546400000002
2018,40,pyrethroid,6466.43399151
2018,41,pyrethroid,1045.7959053680001
2018,42,chlorpyrifos,71.3985772
2018,42,oxamyl,1335.2183999999997
2018,42,pyrethroid,13129.83372454
2018,43,chlorpyrifos,1.8321749
2018,43,oxamyl,568.7205120000001
2018,43,pyrethroid,5373.004374104
2018,44,chlorpyrifos,5.2629660000000005
2018,44,pyrethroid,2469.293980575
2018,45,chlorpyrifos,66.4033733
2018,45,pyrethroid,1565.2006605
2018,46,pyrethroid,11.01305765
2018,47,chlorpyrifos,3020.4444349000005
2018,47,oxamyl,472.09857
2018,47,pyrethroid,540.0878446300001
2018,48,chlorpyrifos,5049.25337246
2018,48,pyrethroid,6089.80288794
2018,49,chlorpyrifos,116.16731460000001
2018,49,pyrethroid,937.90191877
2018,50,chlorpyrifos,8165.897620920001
2018,50,pyrethroid,46787.649371145
2018,51,chlorpyrifos,7763.9423964
2018,51,pyrethroid,10111.94871877
2018,52,chlorpyrifos,2276.94076954
2018,52,pyrethroid,6135.20102654
2018,53,pyrethroid,3.3304155500000006
2018,54,chlorpyrifos,68995.8343581
2018,54,oxamyl,408.492126
2018,54,pyrethroid,44483.50051802999
2018,55,pyrethroid,537.12678099
2018,56,chlorpyrifos,3143.4715692
2018,56,oxamyl,1287.850488
2018,56,pyrethroid,9416.514262213
2018,57,chlorpyrifos,3029.15594618
2018,57,pyrethroid,10310.185480244
2018,58,chlorpyrifos,6862.9481473000005
2018,58,pyrethroid,4180.30692492
2019,01,chlorpyrifos,0.029683
2019,01,pyrethroid,3245.80326735
2019,02,pyrethroid,5.701901950000001
2019,03,pyrethroid,261.6786638
2019,04,pyrethroid,14869.819850865999
2019,05,pyrethroid,488.37221334000003
2019,06,pyrethroid,14652.678322487
2019,07,chlorpyrifos,22.3424889
2019,07,pyrethroid,4586.022352
2019,08,pyrethroid,199.250067575
2019,09,chlorpyrifos,0.003936
2019,09,pyrethroid,5656.243788185
2019,10,chlorpyrifos,468.5628253
2019,10,oxamyl,15459.00471
2019,10,pyrethroid,114617.602967505
2019,11,pyrethroid,17982.58099284
2019,12,pyrethroid,298.510166065
2019,13,oxamyl,667.880688
2019,13,pyrethroid,30882.342856794996
2019,14,pyrethroid,90.50601700000001
2019,15,chlorpyrifos,2295.3558254
2019,15,oxamyl,19133.384022000002
2019,15,pyrethroid,70990.136160675
2019,16,chlorpyrifos,46.6420322
2019,16,oxamyl,54908.697732
2019,16,pyrethroid,34080.10816955
2019,17,chlorpyrifos,402.3539872
2019,17,pyrethroid,913.150515365
2019,18,pyrethroid,43.765785179999995
2019,19,chlorpyrifos,684.603276
2019,19,oxamyl,268.59042
2019,19,pyrethroid,21255.843533631
2019,20,oxamyl,1028.237376
2019,20,pyrethroid,42111.310606485
2019,21,chlorpyrifos,0.06561
2019,21,pyrethroid,480.581709155
2019,22,pyrethroid,68.22461510000001
2019,23,chlorpyrifos,16.8595196
2019,23,pyrethroid,1541.9700330700002
2019,24,chlorpyrifos,4937.061478799999
2019,24,oxamyl,469.051032
2019,24,pyrethroid,25103.894046565
2019,25,chlorpyrifos,141.9727224
2019,25,oxamyl,1837.7797200000002
2019,25,pyrethroid,195.84421926
2019,26,pyrethroid,79.70403390999999
2019,27,chlorpyrifos,138.6016126
2019,27,oxamyl,2983.7808959999998
2019,27,pyrethroid,44717.977136815
2019,28,chlorpyrifos,0.20829999999999999
2019,28,pyrethroid,2810.4409623149995
2019,29,chlorpyrifos,0.000938
2019,29,pyrethroid,576.810746645
2019,30,chlorpyrifos,464.8099237
2019,30,pyrethroid,9757.812937437
2019,31,chlorpyrifos,1.5116649999999998
2019,31,pyrethroid,6706.231378665
2019,32,pyrethroid,52.389550549999996
2019,33,chlorpyrifos,501.9501372
2019,33,oxamyl,406.38465600000006
2019,33,pyrethroid,18035.780492439997
2019,34,chlorpyrifos,0.750641
2019,34,pyrethroid,12052.095926481
2019,35,oxamyl,246.39648
2019,35,pyrethroid,3810.54019306
2019,36,chlorpyrifos,124.23268665
2019,36,pyrethroid,6921.405143080001
2019,37,chlorpyrifos,149.5433305
2019,37,oxamyl,776.3104559999999
2019,37,pyrethroid,11335.28365049
2019,38,chlorpyrifos,0.0003125
2019,38,pyrethroid,710.33662785
2019,39,chlorpyrifos,416.1869622
2019,39,oxamyl,365.0990280000001
2019,39,pyrethroid,31664.730654760002
2019,40,chlorpyrifos,9.0
2019,40,oxamyl,219.619824
2019,40,pyrethroid,5511.427248010001
2019,41,chlorpyrifos,36.8847031
2019,41,pyrethroid,4132.49091391
2019,42,chlorpyrifos,0.049284259999999996
2019,42,oxamyl,1206.1871879999999
2019,42,pyrethroid,12683.157568006
2019,43,chlorpyrifos,0.9063679999999998
2019,43,oxamyl,329.90258400000005
2019,43,pyrethroid,4276.326714592
2019,44,pyrethroid,2649.0798442999994
2019,45,pyrethroid,1354.994330005
2019,46,pyrethroid,8.043789849999998
2019,47,chlorpyrifos,0.035792
2019,47,oxamyl,600.4599659999999
2019,47,pyrethroid,386.23510223000005
2019,48,chlorpyrifos,0.000625
2019,48,pyrethroid,6229.75019458
2019,49,chlorpyrifos,1.7448375
2019,49,pyrethroid,2357.909901965
2019,50,chlorpyrifos,1251.2993359999998
2019,50,pyrethroid,37204.08300688
2019,51,chlorpyrifos,240.24887999999999
2019,51,pyrethroid,10856.78107216
2019,52,pyrethroid,5875.078086132
2019,53,pyrethroid,1.5473646999999997
2019,54,chlorpyrifos,249.3902237
2019,54,oxamyl,886.1068860000001
2019,54,pyrethroid,46097.58198862
2019,55,pyrethroid,383.49050169
2019,56,chlorpyrifos,209.34022238
2019,56,oxamyl,1970.2957199999998
2019,56,pyrethroid,9751.714137865001
2019,57,pyrethroid,11857.321493945
2019,58,pyrethroid,4831.60286515
2020,01,chlorpyrifos,32.4071592
2020,01,pyrethroid,2722.05218579
2020,02,pyrethroid,6.160541824999998
2020,03,pyrethroid,317.89337979999993
2020,04,chlorpyrifos,0.6576786
2020,04,pyrethroid,16834.424394273
2020,05,chlorpyrifos,0.27075
2020,05,pyrethroid,1042.04063885
2020,06,chlorpyrifos,390.56177999999994
2020,06,pyrethroid,14607.28819656
2020,07,chlorpyrifos,19.218574500000003
2020,07,pyrethroid,5304.062360425
2020,08,pyrethroid,209.714247725
2020,09,chlorpyrifos,0.004779
2020,09,pyrethroid,2338.5002223099996
2020,10,chlorpyrifos,1255.8460255
2020,10,oxamyl,11231.764937999997
2020,10,pyrethroid,113227.56554621
2020,11,pyrethroid,14559.173753800002
2020,12,pyrethroid,197.89790849
2020,13,chlorpyrifos,2.0469575
2020,13,oxamyl,1330.2853259999997
2020,13,pyrethroid,37000.6386046
2020,14,pyrethroid,73.3703528
2020,15,chlorpyrifos,895.1589498999999
2020,15,oxamyl,7847.418834
2020,15,pyrethroid,75212.447613675
2020,16,chlorpyrifos,7.158324499999999
2020,16,oxamyl,26459.232407999996
2020,16,pyrethroid,31861.092287084997
2020,17,chlorpyrifos,0.029551
2020,17,pyrethroid,1211.86785615
2020,18,pyrethroid,2293.2614782200003
2020,19,chlorpyrifos,657.84501806
2020,19,oxamyl,451.00752
2020,19,pyrethroid,26294.068137312002
2020,20,chlorpyrifos,322.48475949999994
2020,20,pyrethroid,33521.18379996
2020,21,chlorpyrifos,0.2412
2020,21,pyrethroid,423.823258785
2020,22,pyrethroid,88.07242245
2020,23,chlorpyrifos,1.119344
2020,23,pyrethroid,232.44083124
2020,24,chlorpyrifos,7137.410170900001
2020,24,oxamyl,81.599496
2020,24,pyrethroid,41645.36365538
2020,25,oxamyl,666.8577720000001
2020,25,pyrethroid,444.04152435000003
2020,26,pyrethroid,168.62473961999996
2020,27,oxamyl,3897.2782320000006
2020,27,pyrethroid,45551.38652033
2020,28,chlorpyrifos,0.8137615
2020,28,pyrethroid,389.99147119500003
2020,29,chlorpyrifos,0.000469
2020,29,pyrethroid,854.1044190499999
2020,30,chlorpyrifos,63.7725436
2020,30,oxamyl,19.912032
2020,30,pyrethroid,10836.742605268999
2020,31,chlorpyrifos,3.6449638
2020,31,pyrethroid,4571.869355765
2020,32,pyrethroid,150.5519139
2020,33,chlorpyrifos,127.96413767999998
2020,33,oxamyl,603.35448
2020,33,pyrethroid,26549.151438009998
2020,34,chlorpyrifos,65.59393979999999
2020,34,pyrethroid,20839.236326205
2020,35,oxamyl,537.294888
2020,35,pyrethroid,3596.1417950100004
2020,36,chlorpyrifos,174.303762
2020,36,pyrethroid,6460.365043039999
2020,37,chlorpyrifos,94.24922979999998
2020,37,oxamyl,917.3273520000001
2020,37,pyrethroid,18575.56807711
2020,38,pyrethroid,192.52086377
2020,39,chlorpyrifos,588.5991612
2020,39,oxamyl,1948.462362
2020,39,pyrethroid,30700.0066715
2020,40,chlorpyrifos,0.05
2020,40,oxamyl,286.431984
2020,40,pyrethroid,6473.059304369999
2020,41,chlorpyrifos,1.4801009999999999
2020,41,pyrethroid,1392.50391141
2020,42,chlorpyrifos,0.011588999999999999
2020,42,oxamyl,1470.4566
2020,42,pyrethroid,15089.061957565002
2020,43,chlorpyrifos,9.137870499999998
2020,43,oxamyl,573.645792
2020,43,pyrethroid,6134.243029068
2020,44,chlorpyrifos,3.875
2020,44,pyrethroid,2686.845260645
2020,45,chlorpyrifos,1.20658738
2020,45,pyrethroid,2028.134156565
2020,46,pyrethroid,35.56180514999999
2020,47,chlorpyrifos,0.01483775
2020,47,oxamyl,788.8064520000001
2020,47,pyrethroid,605.095057375
2020,48,chlorpyrifos,0.111284
2020,48,pyrethroid,6830.577297514999
2020,49,chlorpyrifos,3.1724125
2020,49,pyrethroid,992.554419285
2020,50,chlorpyrifos,1710.6608553
2020,50,oxamyl,120.46780799999999
2020,50,pyrethroid,31033.205421963
2020,51,chlorpyrifos,273.0870084
2020,51,pyrethroid,11878.50750085
2020,52,pyrethroid,5501.572266024999
2020,53,pyrethroid,5.7377311
2020,54,chlorpyrifos,105.5478096
2020,54,pyrethroid,47405.664771640004
2020,55,pyrethroid,920.5737003099999
2020,56,chlorpyrifos,170.0551881
2020,56,oxamyl,4077.9441359999996
2020,56,pyrethroid,10714.807431180001
2020,57,chlorpyrifos,0.2908
2020,57,pyrethroid,12734.924599614998
2020,58,pyrethroid,4878.26692353
2021,01,chlorpyrifos,34.002018799999995
2021,01,pyrethroid,2930.107517275
2021,02,pyrethroid,2.86015985
2021,03,pyrethroid,645.1623543400001
2021,04,pyrethroid,14384.385957635
2021,05,pyrethroid,513.28560063
2021,06,pyrethroid,12501.615578949999
2021,07,chlorpyrifos,20.4071593
2021,07,oxamyl,136.258056
2021,07,pyrethroid,7983.670343965001
2021,08,pyrethroid,164.93287027499997
2021,09,chlorpyrifos,33.34375
2021,09,pyrethroid,11873.589197715
2021,10,chlorpyrifos,1512.08678836
2021,10,oxamyl,2366.1376619999996
2021,10,pyrethroid,113176.171205464
2021,11,pyrethroid,12776.60081063
2021,12,pyrethroid,607.21674287
2021,13,oxamyl,1316.7895439999998
2021,13,pyrethroid,30288.55723318
2021,14,pyrethroid,100.68499580000001
2021,15,chlorpyrifos,10.39539018
2021,15,oxamyl,141.574314
2021,15,pyrethroid,66009.02207921
2021,16,chlorpyrifos,12.02828744
2021,16,oxamyl,10816.170960000001
2021,16,pyrethroid,27942.932926755002
2021,17,pyrethroid,1343.4412806250002
2021,18,pyrethroid,442.53435792
2021,19,chlorpyrifos,489.34358432
2021,19,oxamyl,570.765336
2021,19,pyrethroid,32770.346481051994
2021,20,chlorpyrifos,9.6646135
2021,20,pyrethroid,33789.94536651
2021,21,pyrethroid,303.85964863
2021,22,pyrethroid,110.78680695000001
2021,23,pyrethroid,199.59497316
2021,24,chlorpyrifos,3459.8925564999995
2021,24,oxamyl,213.914952
2021,24,pyrethroid,21869.90184882
2021,25,oxamyl,970.4006759999999
2021,25,pyrethroid,340.90103407000004
2021,26,pyrethroid,40.44169087
2021,27,oxamyl,2602.6330560000006
2021,27,pyrethroid,42392.480933545
2021,28,chlorpyrifos,2.320138
2021,28,pyrethroid,853.7471466750001
2021,29,pyrethroid,738.9078890249999
2021,30,chlorpyrifos,1112.91629178
2021,30,pyrethroid,12129.791315231001
2021,31,chlorpyrifos,0.4173008
2021,31,pyrethroid,26466.681064325
2021,32,pyrethroid,162.40244819999998
2021,33,chlorpyrifos,204.82839740000003
2021,33,oxamyl,199.12032
2021,33,pyrethroid,24878.039718785003
2021,34,chlorpyrifos,0.00125
2021,34,pyrethroid,42249.42175103
2021,35,chlorpyrifos,4.782100399999999
2021,35,oxamyl,413.413656
2021,35,pyrethroid,3159.3274059699997
2021,36,chlorpyrifos,119.36313392
2021,36,pyrethroid,7580.55102889
2021,37,chlorpyrifos,66.03275224000001
2021,37,oxamyl,1505.4800700000003
2021,37,pyrethroid,18866.883596314998
2021,38,pyrethroid,226.82142463499997
2021,39,chlorpyrifos,6.7662365399999995
2021,39,oxamyl,726.9095700000001
2021,39,pyrethroid,164190.99791706
2021,40,oxamyl,88.548744
2021,40,pyrethroid,5912.46306791
2021,41,chlorpyrifos,1.8708169999999997
2021,41,pyrethroid,953.45463986
2021,42,chlorpyrifos,0.014323000000000002
2021,42,oxamyl,663.0233279999998
2021,42,pyrethroid,13401.36664667
2021,43,chlorpyrifos,0.014057
2021,43,oxamyl,749.0111039999999
2021,43,pyrethroid,59277.91889604
2021,44,pyrethroid,2184.458682475
2021,45,chlorpyrifos,1.130424
2021,45,pyrethroid,1242.884696735
2021,46,pyrethroid,12.301597450000001
2021,47,oxamyl,372.85983
2021,47,pyrethroid,438.17391297999995
2021,48,pyrethroid,7176.07419662
2021,49,chlorpyrifos,0.0937125
2021,49,pyrethroid,989.7109782550001
2021,50,chlorpyrifos,1106.2022600999999
2021,50,oxamyl,34.16904
2021,50,pyrethroid,99039.812751535
2021,51,pyrethroid,9854.716184370001
2021,52,pyrethroid,5927.790396315
2021,53,pyrethroid,6.765691150000001
2021,54,chlorpyrifos,0.041873
2021,54,pyrethroid,50033.42624809
2021,55,pyrethroid,636.7421423000001
2021,56,chlorpyrifos,154.33915000000002
2021,56,oxamyl,2082.101736
2021,56,pyrethroid,9656.217088995
2021,57,chlorpyrifos,0.003124
2021,57,pyrethroid,10346.967376625
2021,58,pyrethroid,5019.39759897
2022,01,chlorpyrifos,49.66258512
2022,01,pyrethroid,4425.10198058
2022,02,pyrethroid,4.807589550000001
2022,03,pyrethroid,365.95300294000003
2022,04,pyrethroid,11787.652440521
2022,05,pyrethroid,704.3031503999999
2022,06,pyrethroid,10056.093585499999
2022,07,chlorpyrifos,17.576841700000003
2022,07,oxamyl,33.61152
2022,07,pyrethroid,4791.68848331
2022,08,pyrethroid,261.3751674
2022,09,pyrethroid,8918.365626465
2022,10,chlorpyrifos,60.32086316
2022,10,oxamyl,6032.029415999999
2022,10,pyrethroid,100825.18537372
2022,11,pyrethroid,8994.30811751
2022,12,pyrethroid,1740.33995375
2022,13,chlorpyrifos,2.01
2022,13,oxamyl,2227.99803
2022,13,pyrethroid,24076.176757430003
2022,14,pyrethroid,64.8921178
2022,15,chlorpyrifos,89.29328100000001
2022,15,oxamyl,1555.4147699999999
2022,15,pyrethroid,63495.95251232
2022,16,oxamyl,15407.977283999999
2022,16,pyrethroid,29139.596233265
2022,17,pyrethroid,1275.012182675
2022,18,pyrethroid,484.453841715
2022,19,chlorpyrifos,741.5053259999999
2022,19,oxamyl,317.49734399999994
2022,19,pyrethroid,24955.915600321998
2022,20,pyrethroid,36256.28185935
2022,21,pyrethroid,421.68929750000007
2022,22,pyrethroid,109.46223685000001
2022,23,chlorpyrifos,0.21572100000000002
2022,23,pyrethroid,181.38055940499999
2022,24,chlorpyrifos,0.001874
2022,24,oxamyl,474.205104
2022,24,pyrethroid,25003.385139645
2022,25,oxamyl,1074.084312
2022,25,pyrethroid,654.5306132200001
2022,26,pyrethroid,9.813766
2022,27,oxamyl,1864.4153760000002
2022,27,pyrethroid,45157.63097028
2022,28,pyrethroid,372.48769264
2022,29,pyrethroid,464.14996803500003
2022,30,chlorpyrifos,365.75051936000006
2022,30,pyrethroid,21126.172106266
2022,31,pyrethroid,25966.852033555002
2022,32,pyrethroid,181.63674865
2022,33,chlorpyrifos,160.51579334000002
2022,33,oxamyl,344.55888000000004
2022,33,pyrethroid,23226.7775334
2022,34,chlorpyrifos,0.00125
2022,34,pyrethroid,30618.534442624998
2022,35,oxamyl,538.003152
2022,35,pyrethroid,2698.87752896
2022,36,chlorpyrifos,257.79712648000003
2022,36,pyrethroid,8883.576354
2022,37,chlorpyrifos,46.731210080000004
2022,37,oxamyl,1773.414768
2022,37,pyrethroid,23816.196977823
2022,38,pyrethroid,223.64208044000003
2022,39,chlorpyrifos,3.3864574999999997
2022,39,oxamyl,832.110384
2022,39,pyrethroid,31781.851676934995
2022,40,chlorpyrifos,5.8671522000000005
2022,40,oxamyl,50.05891200000001
2022,40,pyrethroid,5897.245278135
2022,41,pyrethroid,885.1559541349999
2022,42,chlorpyrifos,0.031439
2022,42,oxamyl,937.040544
2022,42,pyrethroid,14714.146628284998
2022,43,chlorpyrifos,0.000625
2022,43,oxamyl,862.8679440000001
2022,43,pyrethroid,5690.048378955
2022,44,pyrethroid,2183.132282555
2022,45,chlorpyrifos,0.6855656000000001
2022,45,pyrethroid,1412.333378462
2022,46,pyrethroid,33.689584950000004
2022,47,oxamyl,744.591582
2022,47,pyrethroid,506.24347829
2022,48,chlorpyrifos,0.00064425
2022,48,pyrethroid,5220.655306755
2022,49,chlorpyrifos,0.5326645
2022,49,pyrethroid,1273.220742915
2022,50,chlorpyrifos,21.9642108
2022,50,pyrethroid,49111.058465195
2022,51,pyrethroid,10946.60588044
2022,52,pyrethroid,4069.06116234
2022,53,pyrethroid,8.12199745
2022,54,chlorpyrifos,14.0209014
2022,54,pyrethroid,48111.590583305006
2022,55,pyrethroid,639.8129342499999
2022,56,chlorpyrifos,0.856836
2022,56,oxamyl,1520.205936
2022,56,pyrethroid,9405.56123334
2022,57,chlorpyrifos,0.026864
2022,57,pyrethroid,10209.833830560001
2022,58,pyrethroid,4969.749784369
2023,01,chlorpyrifos,42.123144
2023,01,pyrethroid,21071.43950275999
2023,02,pyrethroid,18.919164725
2023,03,pyrethroid,186.13179796999998
2023,04,pyrethroid,13579.455195465
2023,05,pyrethroid,680.28489135
2023,06,pyrethroid,11750.84106285
2023,07,chlorpyrifos,20.0837133
2023,07,pyrethroid,5150.066554625
2023,08,pyrethroid,109.61549855
2023,09,chlorpyrifos,0.002811
2023,09,pyrethroid,8910.315422090001
2023,10,chlorpyrifos,164.84441128
2023,10,oxamyl,9760.383720000002
2023,10,pyrethroid,127224.11482914002
2023,11,pyrethroid,15109.89649948
2023,12,pyrethroid,633.3281249199999
2023,13,oxamyl,4156.044558
2023,13,pyrethroid,28015.54243249
2023,14,pyrethroid,545.325235925
2023,15,chlorpyrifos,17.253
2023,15,oxamyl,9472.470857999999
2023,15,pyrethroid,79016.37320677
2023,16,chlorpyrifos,9.6281472
2023,16,oxamyl,50146.040952
2023,16,pyrethroid,33077.74299911
2023,17,pyrethroid,3119.3241079
2023,18,pyrethroid,224.33831929500002
2023,19,chlorpyrifos,515.61565224
2023,19,oxamyl,229.685256
2023,19,pyrethroid,88195.25302319799
2023,20,pyrethroid,34244.37636901
2023,21,pyrethroid,2774.64955374
2023,22,pyrethroid,120.44346114999999
2023,23,pyrethroid,229.39483986
2023,24,oxamyl,1800.4554839999998
2023,24,pyrethroid,25988.75589889
2023,25,oxamyl,1521.0847260000003
2023,25,pyrethroid,616.0701642399999
2023,26,pyrethroid,17.163906575
2023,27,oxamyl,3265.429968
2023,27,pyrethroid,39463.45424497
2023,28,pyrethroid,1226.91752586
2023,29,pyrethroid,641.871892925
2023,30,chlorpyrifos,574.50703152
2023,30,pyrethroid,20792.312764348
2023,31,pyrethroid,25226.376956375
2023,32,pyrethroid,206.139894465
2023,33,chlorpyrifos,175.15253368000003
2023,33,oxamyl,38.928024
2023,33,pyrethroid,18081.312298809
2023,34,pyrethroid,41598.075212334996
2023,35,oxamyl,796.845432
2023,35,pyrethroid,2530.15751157
2023,36,chlorpyrifos,320.13364442
2023,36,pyrethroid,10002.741797105
2023,37,chlorpyrifos,59.61177118
2023,37,oxamyl,1752.916056
2023,37,pyrethroid,13549.115740015
2023,38,pyrethroid,169.21926457
2023,39,chlorpyrifos,5.4910527
2023,39,oxamyl,552.836004
2023,39,pyrethroid,31663.45761768
2023,40,chlorpyrifos,2.1061572
2023,40,oxamyl,3.1460879999999998
2023,40,pyrethroid,5992.198822615999
2023,41,pyrethroid,1888.755720925
2023,42,oxamyl,513.7943040000001
2023,42,pyrethroid,15897.770487645
2023,43,chlorpyrifos,0.60939
2023,43,oxamyl,1007.0908559999999
2023,43,pyrethroid,4822.1560268
2023,44,pyrethroid,2537.723565655
2023,45,pyrethroid,1599.2242521399999
2023,46,pyrethroid,39.03307815
2023,47,oxamyl,382.396476
2023,47,pyrethroid,563.79052594
2023,48,pyrethroid,7147.622520975
2023,49,pyrethroid,8765.037795967
2023,50,chlorpyrifos,0.019784
2023,50,oxamyl,185.666832
2023,50,pyrethroid,27053.405388314997
2023,51,pyrethroid,12455.772004269998
2023,52,pyrethroid,5676.324331655001
2023,53,pyrethroid,13.720669124999999
2023,54,chlorpyrifos,21.778437500000003
2023,54,oxamyl,114.560922
2023,54,pyrethroid,49010.133191775
2023,55,pyrethroid,715.99623292
2023,56,oxamyl,2241.955392
2023,56,pyrethroid,10164.553947814999
2023,57,pyrethroid,12128.237467055002
2023,58,pyrethroid,7695.246431314999
