year,county_cd,chemical,lbs
2015,01,chlorpyrifos,4.5261624
2015,03,chlorpyrifos,65.7626574
2015,04,chlorpyrifos,23834.883157840002
2015,05,chlorpyrifos,64.963043
2015,06,chlorpyrifos,28601.32581096
2015,07,chlorpyrifos,1156.201579
2015,07,oxamyl,21.18144
2015,09,chlorpyrifos,3.0019332
2015,10,chlorpyrifos,175002.05427156
2015,10,oxamyl,2600.044314
2015,11,chlorpyrifos,20192.49964486
2015,12,chlorpyrifos,7.0460148
2015,13,chlorpyrifos,71487.96194889999
2015,13,oxamyl,685.6453260000001
2015,14,chlorpyrifos,364.0536975
2015,15,chlorpyrifos,287708.815804
2015,15,oxamyl,1491.574056
2015,16,chlorpyrifos,86542.42360212
2015,16,oxamyl,2706.5644200000006
2015,17,chlorpyrifos,8.333058000000001
2015,19,chlorpyrifos,513.0487018599999
2015,19,oxamyl,181.69730400000003
2015,20,chlorpyrifos,31484.15363896
2015,21,chlorpyrifos,2.814
2015,23,chlorpyrifos,1.3004
2015,24,chlorpyrifos,38073.98479806
2015,24,oxamyl,116.485392
2015,25,chlorpyrifos,3184.5529514800005
2015,25,oxamyl,1305.0032340000002
2015,26,chlorpyrifos,743.6067702
2015,27,chlorpyrifos,4793.005621900001
2015,27,oxamyl,2274.488424
2015,28,chlorpyrifos,91.64420220000001
2015,30,chlorpyrifos,387.7506757
2015,30,oxamyl,75.22766399999999
2015,31,chlorpyrifos,1235.3547145
2015,33,chlorpyrifos,8554.90453716
2015,33,oxamyl,177.408648
2015,34,chlorpyrifos,2674.7649955000006
2015,34,oxamyl,112.24413600000001
2015,35,chlorpyrifos,0.747681
2015,35,oxamyl,220.60540799999998
2015,36,chlorpyrifos,1177.8810715
2015,37,chlorpyrifos,2159.7090306
2015,37,oxamyl,86.139456
2015,38,chlorpyrifos,0.713415
2015,39,chlorpyrifos,35245.89306786
2015,39,oxamyl,243.20077199999997
2015,40,chlorpyrifos,274.4576874999999
2015,41,chlorpyrifos,56.2214214
2015,42,chlorpyrifos,404.13098390000005
2015,42,oxamyl,282.895152
2015,43,chlorpyrifos,317.09497702
2015,43,oxamyl,484.28056799999996
2015,44,chlorpyrifos,1182.3639463000002
2015,44,oxamyl,14.237088
2015,45,chlorpyrifos,846.5031037
2015,47,chlorpyrifos,3211.0065629999995
2015,47,oxamyl,1158.947208
2015,48,chlorpyrifos,5301.36057004
2015,49,chlorpyrifos,1103.1947146
2015,50,chlorpyrifos,34180.90264648
2015,50,oxamyl,120.467784
2015,51,chlorpyrifos,23878.9352315
2015,52,chlorpyrifos,12561.048914580002
2015,54,chlorpyrifos,144799.7643921
2015,54,oxamyl,31.93176
2015,55,chlorpyrifos,3.29736
2015,56,chlorpyrifos,32145.54555328
2015,56,oxamyl,2761.564896
2015,57,chlorpyrifos,4430.97110704
2015,57,oxamyl,167.62944
2015,58,chlorpyrifos,18027.2977392
2016,01,chlorpyrifos,4.2278164
2016,03,chlorpyrifos,124.9289582
2016,04,chlorpyrifos,19565.3930261
2016,05,chlorpyrifos,125.285863
2016,06,chlorpyrifos,8869.96183724
2016,07,chlorpyrifos,905.3377245999999
2016,10,chlorpyrifos,142552.64229782
2016,10,oxamyl,58.059354
2016,11,chlorpyrifos,12213.22814192
2016,13,chlorpyrifos,46414.5564746
2016,14,chlorpyrifos,0.07364899999999999
2016,15,chlorpyrifos,203123.77862949998
2016,16,chlorpyrifos,85862.6432806
2016,16,oxamyl,1065.47721
2016,17,chlorpyrifos,255.11636789999997
2016,18,chlorpyrifos,1143.9961554000001
2016,19,chlorpyrifos,546.23406178
2016,20,chlorpyrifos,20350.295942
2016,20,oxamyl,139.384224
2016,24,chlorpyrifos,29048.978018759997
2016,24,oxamyl,0.268848
2016,25,chlorpyrifos,1624.27794126
2016,25,oxamyl,220.276848
2016,27,chlorpyrifos,3225.7840481999997
2016,27,oxamyl,205.13870400000002
2016,28,chlorpyrifos,42.092066599999995
2016,30,chlorpyrifos,369.2374331
2016,31,chlorpyrifos,1172.2413549199998
2016,33,chlorpyrifos,5928.070005719999
2016,33,oxamyl,199.12032
2016,34,chlorpyrifos,988.8728821800001
2016,35,chlorpyrifos,121.94276040000001
2016,35,oxamyl,42.5994
2016,36,chlorpyrifos,253.8540762
2016,37,chlorpyrifos,971.20372198
2016,38,chlorpyrifos,0.0012125
2016,39,chlorpyrifos,29892.2230233
2016,40,chlorpyrifos,144.1074098
2016,41,chlorpyrifos,16.1539054
2016,42,chlorpyrifos,353.75736909999995
2016,42,oxamyl,84.685968
2016,43,chlorpyrifos,263.46259213999997
2016,43,oxamyl,38.987784
2016,44,chlorpyrifos,159.27627710000002
2016,45,chlorpyrifos,396.9284973
2016,47,chlorpyrifos,3424.62695862
2016,47,oxamyl,225.50926800000002
2016,48,chlorpyrifos,4435.62230148
2016,49,chlorpyrifos,51.33517520000001
2016,50,chlorpyrifos,16477.170024400002
2016,51,chlorpyrifos,26716.6899798
2016,52,chlorpyrifos,9270.871473300002
2016,54,chlorpyrifos,181181.524535
2016,56,chlorpyrifos,26836.1105419
2016,56,oxamyl,186.92925599999998
2016,57,chlorpyrifos,3868.1235608000006
2016,57,oxamyl,0.042984
2016,58,chlorpyrifos,13001.9386273
2017,01,chlorpyrifos,0.013049999999999999
2017,03,chlorpyrifos,23.486649
2017,04,chlorpyrifos,13949.39507846
2017,05,chlorpyrifos,129.926086
2017,06,chlorpyrifos,7353.173012699999
2017,06,oxamyl,0.034848
2017,07,chlorpyrifos,1083.0632923
2017,09,chlorpyrifos,0.001274
2017,10,chlorpyrifos,167684.42048441997
2017,10,oxamyl,1533.588822
2017,11,chlorpyrifos,13589.136422
2017,12,chlorpyrifos,7.0460148
2017,13,chlorpyrifos,48932.42451889999
2017,14,chlorpyrifos,0.114539
2017,15,chlorpyrifos,184563.2598582
2017,15,oxamyl,8159.866386
2017,16,chlorpyrifos,126588.07707977999
2017,16,oxamyl,26977.207194000002
2017,17,chlorpyrifos,401.492382104
2017,18,chlorpyrifos,2248.9701059999998
2017,19,chlorpyrifos,1093.22019947
2017,20,chlorpyrifos,38935.1994783
2017,24,chlorpyrifos,32274.2845917
2017,24,oxamyl,125.73451200000001
2017,25,chlorpyrifos,2432.43471668
2017,25,oxamyl,686.150052
2017,27,chlorpyrifos,455.65249439999997
2017,27,oxamyl,365.94331200000005
2017,28,chlorpyrifos,2.2244
2017,30,chlorpyrifos,579.5224611699999
2017,31,chlorpyrifos,13.1346797
2017,33,chlorpyrifos,10983.92199264
2017,34,chlorpyrifos,739.8565368
2017,35,chlorpyrifos,10.785057
2017,36,chlorpyrifos,204.62706419999998
2017,37,chlorpyrifos,1513.3787256
2017,39,chlorpyrifos,27104.58201164
2017,39,oxamyl,336.343014
2017,40,chlorpyrifos,617.4303539
2017,41,chlorpyrifos,0.9556
2017,42,chlorpyrifos,983.6096794000001
2017,42,oxamyl,79.648176
2017,43,chlorpyrifos,5.88304404
2017,43,oxamyl,9.956016
2017,44,chlorpyrifos,102.6440464
2017,45,chlorpyrifos,206.6657204
2017,47,chlorpyrifos,3892.8810756199996
2017,47,oxamyl,2.9853180000000004
2017,48,chlorpyrifos,6560.714697359999
2017,49,chlorpyrifos,413.38354970000006
2017,50,chlorpyrifos,21962.98190356
2017,51,chlorpyrifos,20191.658236299998
2017,52,chlorpyrifos,4240.228614899999
2017,54,chlorpyrifos,163309.93138676
2017,56,chlorpyrifos,24802.7103481
2017,56,oxamyl,24.651096
2017,57,chlorpyrifos,4337.9433861
2017,58,chlorpyrifos,11105.7365822
2018,01,chlorpyrifos,31.8932376
2018,04,chlorpyrifos,8373.750581219998
2018,05,chlorpyrifos,129.926086
2018,06,chlorpyrifos,9115.4622728
2018,07,chlorpyrifos,829.1892621
2018,09,chlorpyrifos,6.0776909
2018,10,chlorpyrifos,115300.25361518
2018,10,oxamyl,11351.553858
2018,11,chlorpyrifos,11342.20952532
2018,12,chlorpyrifos,3.4055832
2018,13,chlorpyrifos,26656.1351072
2018,13,oxamyl,318.592512
2018,14,chlorpyrifos,12.567471
2018,15,chlorpyrifos,144181.3157292
2018,15,oxamyl,11547.718769999996
2018,16,chlorpyrifos,92147.5615474
2018,16,oxamyl,46358.01806999999
2018,17,chlorpyrifos,145.61734439999998
2018,18,chlorpyrifos,75.66861139999999
2018,19,chlorpyrifos,671.5122129599999
2018,19,oxamyl,124.624752
2018,20,chlorpyrifos,29434.0458387
2018,21,chlorpyrifos,0.580247
2018,24,chlorpyrifos,29104.708016200002
2018,24,oxamyl,105.155448
2018,25,chlorpyrifos,2300.9828611000003
2018,25,oxamyl,275.24133
2018,26,chlorpyrifos,37.992014999999995
2018,27,chlorpyrifos,732.1759597399999
2018,27,oxamyl,2626.472904
2018,29,chlorpyrifos,0.002811
2018,30,chlorpyrifos,559.0534061200001
2018,31,chlorpyrifos,785.8517249999999
2018,32,chlorpyrifos,310.02396780000004
2018,33,chlorpyrifos,2859.2093964
2018,33,oxamyl,26.144496
2018,34,chlorpyrifos,515.4477295
2018,35,chlorpyrifos,59.5422477
2018,35,oxamyl,156.369192
2018,36,chlorpyrifos,239.0113019
2018,37,chlorpyrifos,1005.6681894999999
2018,37,oxamyl,344.956056
2018,39,chlorpyrifos,15605.37410728
2018,39,oxamyl,1229.940978
2018,40,chlorpyrifos,12.6365312
2018,40,oxamyl,182.09546400000002
2018,42,chlorpyrifos,71.3985772
2018,42,oxamyl,1335.2183999999997
2018,43,chlorpyrifos,1.8321749
2018,43,oxamyl,568.7205120000001
2018,44,chlorpyrifos,5.2629660000000005
2018,45,chlorpyrifos,66.4033733
2018,47,chlorpyrifos,3020.4444349000005
2018,47,oxamyl,472.09857
2018,48,chlorpyrifos,5049.25337246
2018,49,chlorpyrifos,116.16731460000001
2018,50,chlorpyrifos,8165.897620920001
2018,51,chlorpyrifos,7763.9423964
2018,52,chlorpyrifos,2276.94076954
2018,54,chlorpyrifos,68995.8343581
2018,54,oxamyl,408.492126
2018,56,chlorpyrifos,3143.4715692
2018,56,oxamyl,1287.850488
2018,57,chlorpyrifos,3029.15594618
2018,58,chlorpyrifos,6862.9481473000005
2019,01,chlorpyrifos,0.029683
2019,07,chlorpyrifos,22.3424889
2019,09,chlorpyrifos,0.003936
2019,10,chlorpyrifos,468.5628253
2019,10,oxamyl,15459.00471
2019,13,oxamyl,667.880688
2019,15,chlorpyrifos,2295.3558254
2019,15,oxamyl,19133.384022000002
2019,16,chlorpyrifos,46.6420322
2019,16,oxamyl,54908.697732
2019,17,chlorpyrifos,402.3539872
2019,19,chlorpyrifos,684.603276
2019,19,oxamyl,268.59042
2019,20,oxamyl,1028.237376
2019,21,chlorpyrifos,0.06561
2019,23,chlorpyrifos,16.8595196
2019,24,chlorpyrifos,4937.061478799999
2019,24,oxamyl,469.051032
2019,25,chlorpyrifos,141.9727224
2019,25,oxamyl,1837.7797200000002
2019,27,chlorpyrifos,138.6016126
2019,27,oxamyl,2983.7808959999998
2019,28,chlorpyrifos,0.20829999999999999
2019,29,chlorpyrifos,0.000938
2019,30,chlorpyrifos,464.8099237
2019,31,chlorpyrifos,1.5116649999999998
2019,33,chlorpyrifos,501.9501372
2019,33,oxamyl,406.38465600000006
2019,34,chlorpyrifos,0.750641
2019,35,oxamyl,246.39648
2019,36,chlorpyrifos,124.23268665
2019,37,chlorpyrifos,149.5433305
2019,37,oxamyl,776.3104559999999
2019,38,chlorpyrifos,0.0003125
2019,39,chlorpyrifos,416.1869622
2019,39,oxamyl,365.0990280000001
2019,40,chlorpyrifos,9.0
2019,40,oxamyl,219.619824
2019,41,chlorpyrifos,36.8847031
2019,42,chlorpyrifos,0.049284259999999996
2019,42,oxamyl,1206.1871879999999
2019,43,chlorpyrifos,0.9063679999999998
2019,43,oxamyl,329.90258400000005
2019,47,chlorpyrifos,0.035792
2019,47,oxamyl,600.4599659999999
2019,48,chlorpyrifos,0.000625
2019,49,chlorpyrifos,1.7448375
2019,50,chlorpyrifos,1251.2993359999998
2019,51,chlorpyrifos,240.24887999999999
2019,54,chlorpyrifos,249.3902237
2019,54,oxamyl,886.1068860000001
2019,56,chlorpyrifos,209.34022238
2019,56,oxamyl,1970.2957199999998
2020,01,chlorpyrifos,32.4071592
2020,04,chlorpyrifos,0.6576786
2020,05,chlorpyrifos,0.27075
2020,06,chlorpyrifos,390.56177999999994
2020,07,chlorpyrifos,19.218574500000003
2020,09,chlorpyrifos,0.004779
2020,10,chlorpyrifos,1255.8460255
2020,10,oxamyl,11231.764937999997
2020,13,chlorpyrifos,2.0469575
2020,13,oxamyl,1330.2853259999997
2020,15,chlorpyrifos,895.1589498999999
2020,15,oxamyl,7847.418834
2020,16,chlorpyrifos,7.158324499999999
2020,16,oxamyl,26459.232407999996
2020,17,chlorpyrifos,0.029551
2020,19,chlorpyrifos,657.84501806
2020,19,oxamyl,451.00752
2020,20,chlorpyrifos,322.48475949999994
2020,21,chlorpyrifos,0.2412
2020,23,chlorpyrifos,1.119344
2020,24,chlorpyrifos,7137.410170900001
2020,24,oxamyl,81.599496
2020,25,oxamyl,666.8577720000001
2020,27,oxamyl,3897.2782320000006
2020,28,chlorpyrifos,0.8137615
2020,29,chlorpyrifos,0.000469
2020,30,chlorpyrifos,63.7725436
2020,30,oxamyl,19.912032
2020,31,chlorpyrifos,3.6449638
2020,33,chlorpyrifos,127.96413767999998
2020,33,oxamyl,603.35448
2020,34,chlorpyrifos,65.59393979999999
2020,35,oxamyl,537.294888
2020,36,chlorpyrifos,174.303762
2020,37,chlorpyrifos,94.24922979999998
2020,37,oxamyl,917.3273520000001
2020,39,chlorpyrifos,588.5991612
2020,39,oxamyl,1948.462362
2020,40,chlorpyrifos,0.05
2020,40,oxamyl,286.431984
2020,41,chlorpyrifos,1.4801009999999999
2020,42,chlorpyrifos,0.011588999999999999
2020,42,oxamyl,1470.4566
2020,43,chlorpyrifos,9.137870499999998
2020,43,oxamyl,573.645792
2020,44,chlorpyrifos,3.875
2020,45,chlorpyrifos,1.20658738
2020,47,chlorpyrifos,0.01483775
2020,47,oxamyl,788.8064520000001
2020,48,chlorpyrifos,0.111284
2020,49,chlorpyrifos,3.1724125
2020,50,chlorpyrifos,1710.6608553
2020,50,oxamyl,120.46780799999999
2020,51,chlorpyrifos,273.0870084
2020,54,chlorpyrifos,105.5478096
2020,56,chlorpyrifos,170.0551881
2020,56,oxamyl,4077.9441359999996
2020,57,chlorpyrifos,0.2908
2021,01,chlorpyrifos,34.002018799999995
2021,07,chlorpyrifos,20.4071593
2021,07,oxamyl,136.258056
2021,09,chlorpyrifos,33.34375
2021,10,chlorpyrifos,1512.08678836
2021,10,oxamyl,2366.1376619999996
2021,13,oxamyl,1316.7895439999998
2021,15,chlorpyrifos,10.39539018
2021,15,oxamyl,141.574314
2021,16,chlorpyrifos,12.02828744
2021,16,oxamyl,10816.170960000001
2021,19,chlorpyrifos,489.34358432
2021,19,oxamyl,570.765336
2021,20,chlorpyrifos,9.6646135
2021,24,chlorpyrifos,3459.8925564999995
2021,24,oxamyl,213.914952
2021,25,oxamyl,970.4006759999999
2021,27,oxamyl,2602.6330560000006
2021,28,chlorpyrifos,2.320138
2021,30,chlorpyrifos,1112.91629178
2021,31,chlorpyrifos,0.4173008
2021,33,chlorpyrifos,204.82839740000003
2021,33,oxamyl,199.12032
2021,34,chlorpyrifos,0.00125
2021,35,chlorpyrifos,4.782100399999999
2021,35,oxamyl,413.413656
2021,36,chlorpyrifos,119.36313392
2021,37,chlorpyrifos,66.03275224000001
2021,37,oxamyl,1505.4800700000003
2021,39,chlorpyrifos,6.7662365399999995
2021,39,oxamyl,726.9095700000001
2021,40,oxamyl,88.548744
2021,41,chlorpyrifos,1.8708169999999997
2021,42,chlorpyrifos,0.014323000000000002
2021,42,oxamyl,663.0233279999998
2021,43,chlorpyrifos,0.014057
2021,43,oxamyl,749.0111039999999
2021,45,chlorpyrifos,1.130424
2021,47,oxamyl,372.85983
2021,49,chlorpyrifos,0.0937125
2021,50,chlorpyrifos,1106.2022600999999
2021,50,oxamyl,34.16904
2021,54,chlorpyrifos,0.041873
2021,56,chlorpyrifos,154.33915000000002
2021,56,oxamyl,2082.101736
2021,57,chlorpyrifos,0.003124
2022,01,chlorpyrifos,49.66258512
2022,07,chlorpyrifos,17.576841700000003
2022,07,oxamyl,33.61152
2022,10,chlorpyrifos,60.32086316
2022,10,oxamyl,6032.029415999999
2022,13,chlorpyrifos,2.01
2022,13,oxamyl,2227.99803
2022,15,chlorpyrifos,89.29328100000001
2022,15,oxamyl,1555.4147699999999
2022,16,oxamyl,15407.977283999999
2022,19,chlorpyrifos,741.5053259999999
2022,19,oxamyl,317.49734399999994
2022,23,chlorpyrifos,0.21572100000000002
2022,24,chlorpyrifos,0.001874
2022,24,oxamyl,474.205104
2022,25,oxamyl,1074.084312
2022,27,oxamyl,1864.4153760000002
2022,30,chlorpyrifos,365.75051936000006
2022,33,chlorpyrifos,160.51579334000002
2022,33,oxamyl,344.55888000000004
2022,34,chlorpyrifos,0.00125
2022,35,oxamyl,538.003152
2022,36,chlorpyrifos,257.79712648000003
2022,37,chlorpyrifos,46.731210080000004
2022,37,oxamyl,1773.414768
2022,39,chlorpyrifos,3.3864574999999997
2022,39,oxamyl,832.110384
2022,40,chlorpyrifos,5.8671522000000005
2022,40,oxamyl,50.05891200000001
2022,42,chlorpyrifos,0.031439
2022,42,oxamyl,937.040544
2022,43,chlorpyrifos,0.000625
2022,43,oxamyl,862.8679440000001
2022,45,chlorpyrifos,0.6855656000000001
2022,47,oxamyl,744.591582
2022,48,chlorpyrifos,0.00064425
2022,49,chlorpyrifos,0.5326645
2022,50,chlorpyrifos,21.9642108
2022,54,chlorpyrifos,14.0209014
2022,56,chlorpyrifos,0.856836
2022,56,oxamyl,1520.205936
2022,57,chlorpyrifos,0.026864
2023,01,chlorpyrifos,42.123144
2023,07,chlorpyrifos,20.0837133
2023,09,chlorpyrifos,0.002811
2023,10,chlorpyrifos,164.84441128
2023,10,oxamyl,9760.383720000002
2023,13,oxamyl,4156.044558
2023,15,chlorpyrifos,17.253
2023,15,oxamyl,9472.470857999999
2023,16,chlorpyrifos,9.6281472
2023,16,oxamyl,50146.040952
2023,19,chlorpyrifos,515.61565224
2023,19,oxamyl,229.685256
2023,24,oxamyl,1800.4554839999998
2023,25,oxamyl,1521.0847260000003
2023,27,oxamyl,3265.429968
2023,30,chlorpyrifos,574.50703152
2023,33,chlorpyrifos,175.15253368000003
2023,33,oxamyl,38.928024
2023,35,oxamyl,796.845432
2023,36,chlorpyrifos,320.13364442
2023,37,chlorpyrifos,59.61177118
2023,37,oxamyl,1752.916056
2023,39,chlorpyrifos,5.4910527
2023,39,oxamyl,552.836004
2023,40,chlorpyrifos,2.1061572
2023,40,oxamyl,3.1460879999999998
2023,42,oxamyl,513.7943040000001
2023,43,chlorpyrifos,0.60939
2023,43,oxamyl,1007.0908559999999
2023,47,oxamyl,382.396476
2023,50,chlorpyrifos,0.019784
2023,50,oxamyl,185.666832
2023,54,chlorpyrifos,21.778437500000003
2023,54,oxamyl,114.560922
2023,56,oxamyl,2241.955392
